codigo;anio;mes;dia;tmax;tmin;ts07;ts13;ts19;th07;th13;th19;rr07;rr13;rr19;ev07;ev071;ev13;ev131;ev19;ev191;nu07;nu13;nu19;dv07;vv07;dv13;vv13;dv19;vv19;an07;an13;an19;tipev;tipcal;fuente;tipane
M0003;2014.0;1.0;1.0;20.7;3.4;5.8;18.6;9.3;5.7;11.0;8.7;0.0;0.0;0.0;59.9;0.0;58.6;0.0;57.9;0.0;3.0;3.0;0.0;C;0.0;N;2.0;C;0.0;978478.0;9999999999.0;9999999999.0;2.0;1.0;1;1.0
M0003;2014.0;1.0;2.0;20.0;1.5;8.1;18.0;11.4;6.0;12.0;10.6;0.0;0.0;0.0;55.5;0.0;54.2;0.0;52.7;0.0;1.0;6.0;7.0;S;0.5;E;1.0;C;0.0;979172.0;9999999999.0;9999999999.0;2.0;1.0;1;1.0
M0003;2014.0;1.0;3.0;20.1;3.8;8.4;16.8;14.0;7.5;12.0;11.2;0.0;0.0;0.0;51.6;0.0;50.9;0.0;49.0;0.0;2.0;4.0;4.0;C;0.0;N;1.0;C;0.0;979862.0;9999999999.0;9999999999.0;2.0;1.0;1;1.0
M0003;2014.0;1.0;4.0;19.9;6.3;8.5;17.3;13.8;8.4;12.3;10.4;0.0;0.0;0.0;48.4;0.0;47.7;0.0;44.6;0.0;8.0;7.0;5.0;C;0.0;N;1.5;C;0.0;980480.0;9999999999.0;9999999999.0;2.0;1.0;1;1.0
M0003;2014.0;1.0;5.0;16.2;8.0;9.3;15.0;12.4;9.2;12.6;12.0;0.0;0.6;5.6;43.7;0.0;44.0;0.0;49.0;0.0;8.0;8.0;6.0;C;0.0;C;0.0;C;0.0;981252.0;9999999999.0;9999999999.0;2.0;1.0;1;1.0
M0003;2014.0;1.0;6.0;17.2;5.2;7.6;12.7;10.1;7.3;11.5;10.0;0.0;1.4;28.1;48.9;0.0;50.1;0.0;76.2;0.0;4.0;7.0;8.0;C;0.0;C;0.0;C;0.0;981356.0;9999999999.0;9999999999.0;2.0;1.0;1;1.0
M0003;2014.0;1.0;7.0;15.6;7.4;8.8;13.0;9.2;8.8;11.8;9.1;7.2;4.1;13.2;82.0;50.0;53.0;0.0;65.0;0.0;8.0;8.0;8.0;C;0.0;C;0.0;C;0.0;981526.0;9999999999.0;9999999999.0;2.0;1.0;1;1.0
M0003;2014.0;1.0;8.0;15.7;7.0;8.9;12.5;10.4;8.6;11.2;10.0;14.7;0.0;7.1;78.8;0.0;78.2;50.0;56.8;0.0;8.0;8.0;8.0;C;0.0;C;0.0;C;0.0;981638.0;9999999999.0;9999999999.0;2.0;1.0;1;1.0
M0003;2014.0;1.0;9.0;16.8;8.8;8.9;12.6;10.5;8.8;10.4;10.4;4.6;0.9;0.0;61.0;0.0;61.5;0.0;60.8;0.0;8.0;7.0;8.0;C;0.0;C;0.0;C;0.0;981671.0;9999999999.0;9999999999.0;2.0;1.0;1;1.0
M0003;2014.0;1.0;10.0;17.0;8.0;9.5;14.1;10.2;9.3;11.9;9.6;2.8;0.6;3.1;63.2;0.0;63.6;0.0;66.1;0.0;8.0;8.0;8.0;C;0.0;C;0.0;C;0.0;981830.0;9999999999.0;9999999999.0;2.0;1.0;1;1.0
M0003;2014.0;1.0;11.0;17.8;7.2;9.2;16.4;11.4;9.0;13.0;10.6;0.0;0.0;0.1;64.9;0.0;64.0;0.0;63.2;0.0;8.0;6.0;7.0;C;0.0;C;0.0;C;0.0;982012.0;9999999999.0;9999999999.0;2.0;1.0;1;1.0
M0003;2014.0;1.0;12.0;;8.2;10.6;18.8;10.8;10.2;12.4;10.2;0.3;0.0;3.9;62.0;0.0;61.8;0.0;64.2;0.0;2.0;5.0;8.0;C;0.0;E;1.0;C;0.0;982136.0;9999999999.0;9999999999.0;2.0;1.0;1;1.0
M0003;2014.0;1.0;13.0;20.4;4.0;9.0;19.0;11.8;7.4;13.8;11.0;0.6;0.0;0.0;62.0;70.0;67.5;0.0;66.1;0.0;0.0;3.0;3.0;C;0.0;C;0.0;C;0.0;982600.0;9999999999.0;9999999999.0;2.0;1.0;1;1.0
M0003;2014.0;1.0;14.0;17.2;5.0;9.1;15.7;12.0;8.3;12.5;11.1;0.0;0.0;1.2;64.2;0.0;63.5;0.0;64.3;0.0;6.0;7.0;4.0;C;0.0;E;1.0;C;0.0;982983.0;9999999999.0;9999999999.0;2.0;1.0;1;1.0
M0003;2014.0;1.0;15.0;20.3;3.9;7.8;18.7;12.2;6.4;12.8;11.8;0.0;0.0;0.2;63.3;0.0;62.3;0.0;61.3;0.0;0.0;4.0;8.0;C;0.0;C;0.0;C;0.0;983121.0;9999999999.0;9999999999.0;2.0;1.0;1;1.0
M0003;2014.0;1.0;16.0;20.8;4.3;8.3;18.4;12.0;7.4;12.4;11.8;3.2;0.0;2.3;62.8;0.0;61.8;0.0;63.7;0.0;3.0;3.0;8.0;C;0.0;C;0.0;C;0.0;983556.0;9999999999.0;9999999999.0;2.0;1.0;1;1.0
M0003;2014.0;1.0;17.0;21.3;6.6;10.0;18.6;13.2;9.6;12.0;12.5;0.3;0.0;0.0;61.5;0.0;60.6;0.0;59.0;0.0;4.0;4.0;7.0;C;0.0;N;1.0;C;0.0;983908.0;9999999999.0;9999999999.0;2.0;1.0;1;1.0
M0003;2014.0;1.0;18.0;20.2;7.0;9.2;15.4;12.7;8.4;13.0;10.5;0.0;0.0;0.0;57.7;0.0;56.1;0.0;54.4;0.0;6.0;8.0;3.0;C;0.0;N;0.5;C;0.0;984484.0;9999999999.0;9999999999.0;2.0;1.0;1;1.0
M0003;2014.0;1.0;19.0;20.2;4.6;8.4;17.4;12.4;7.6;13.6;11.6;0.0;0.0;0.0;53.2;0.0;52.6;0.0;51.2;0.0;8.0;5.0;7.0;C;0.0;C;0.0;C;0.0;985093.0;9999999999.0;9999999999.0;2.0;1.0;1;1.0
M0003;2014.0;1.0;20.0;20.4;4.0;8.0;18.4;11.6;6.8;12.7;10.6;0.0;0.0;2.9;49.5;70.0;68.9;0.0;70.0;0.0;0.0;5.0;6.0;C;0.0;C;0.0;C;0.0;985733.0;9999999999.0;9999999999.0;2.0;1.0;1;1.0
M0003;2014.0;1.0;21.0;19.6;4.0;7.2;18.0;12.4;7.0;13.8;11.6;0.0;0.0;0.0;68.2;0.0;67.3;0.0;65.8;0.0;6.0;3.0;8.0;C;0.0;N;3.0;C;0.0;986047.0;9999999999.0;9999999999.0;2.0;1.0;1;1.0
M0003;2014.0;1.0;22.0;18.2;8.4;10.0;15.9;10.3;9.9;13.3;9.9;3.7;0.0;25.6;68.1;0.0;67.8;0.0;90.0;0.0;8.0;7.0;6.0;C;0.0;C;0.0;C;0.0;986483.0;9999999999.0;9999999999.0;2.0;1.0;1;1.0
M0003;2014.0;1.0;23.0;20.1;6.0;10.4;18.2;11.8;9.4;12.0;11.0;0.0;0.0;0.0;87.6;50.0;48.6;0.0;46.7;0.0;6.0;4.0;4.0;C;0.0;E;0.5;C;0.0;986637.0;9999999999.0;9999999999.0;2.0;1.0;1;1.0
M0003;2014.0;1.0;24.0;19.0;2.4;7.0;17.9;11.8;6.3;11.2;10.8;0.0;0.0;0.0;45.0;0.0;43.2;0.0;41.5;0.0;0.0;3.0;5.0;C;0.0;C;0.0;C;0.0;987053.0;9999999999.0;9999999999.0;2.0;1.0;1;1.0
M0003;2014.0;1.0;25.0;18.4;4.2;6.8;17.2;9.8;6.2;12.0;9.6;0.0;0.0;6.0;40.2;0.0;39.5;0.0;44.5;0.0;6.0;8.0;8.0;C;0.0;N;2.5;C;0.0;987401.0;9999999999.0;9999999999.0;2.0;1.0;1;1.0
M0003;2014.0;1.0;26.0;17.6;5.3;6.7;16.8;10.6;6.4;12.6;10.2;8.1;0.0;0.0;49.0;0.0;48.0;0.0;47.3;0.0;6.0;7.0;6.0;C;0.0;E;1.0;C;0.0;987893.0;9999999999.0;9999999999.0;2.0;1.0;1;1.0
M0003;2014.0;1.0;27.0;18.0;8.4;9.6;17.9;11.4;9.2;13.3;11.0;0.6;0.2;0.0;47.5;0.0;47.0;0.0;46.4;0.0;8.0;8.0;6.0;C;0.0;C;0.0;C;0.0;988163.0;9999999999.0;9999999999.0;2.0;1.0;1;1.0
M0003;2014.0;1.0;28.0;19.0;5.3;8.0;18.4;11.8;7.7;13.2;10.9;0.0;0.0;0.0;45.3;0.0;44.9;60.0;59.4;0.0;6.0;6.0;7.0;C;0.0;N;0.5;C;0.0;988404.0;9999999999.0;9999999999.0;2.0;1.0;1;1.0
M0003;2014.0;1.0;29.0;16.4;7.0;9.6;14.0;11.0;9.0;12.0;10.5;9.3;0.0;1.7;68.5;0.0;68.3;0.0;69.6;0.0;8.0;7.0;8.0;C;0.0;C;0.0;C;0.0;988799.0;9999999999.0;9999999999.0;2.0;1.0;1;1.0
M0003;2014.0;1.0;30.0;17.2;7.2;9.0;14.4;11.1;8.7;12.8;10.6;12.0;0.0;0.3;80.5;0.0;80.1;0.0;79.4;0.0;8.0;7.0;8.0;C;0.0;NE;0.5;C;0.0;988918.0;9999999999.0;9999999999.0;2.0;1.0;1;1.0
M0003;2014.0;1.0;31.0;19.4;5.4;7.8;18.2;12.0;7.6;13.2;11.6;1.4;0.0;0.0;79.4;50.0;49.1;0.0;47.4;0.0;3.0;6.0;6.0;C;0.0;E;1.0;C;0.0;989167.0;9999999999.0;9999999999.0;2.0;1.0;1;1.0
M0003;2014.0;2.0;1.0;20.6;4.0;8.7;18.3;12.4;7.2;13.0;12.0;0.0;0.0;0.0;46.8;0.0;45.3;0.0;43.0;0.0;0.0;3.0;7.0;C;0.0;C;0.0;N;1.0;89622.0;9999999999.0;9999999999.0;2.0;1.0;1;1.0
M0003;2014.0;2.0;2.0;21.2;3.0;7.0;19.7;11.8;6.3;13.3;11.4;0.0;0.0;0.0;41.4;0.0;40.3;0.0;38.2;0.0;0.0;3.0;8.0;C;0.0;C;0.0;C;0.0;90089.0;9999999999.0;9999999999.0;2.0;1.0;1;1.0
M0003;2014.0;2.0;3.0;19.8;3.6;8.6;18.4;11.9;8.1;13.0;11.4;3.0;0.0;0.0;39.6;0.0;38.4;50.0;49.5;0.0;8.0;4.0;8.0;C;0.0;C;0.0;C;0.0;90506.0;9999999999.0;9999999999.0;2.0;1.0;1;1.0
M0003;2014.0;2.0;4.0;17.8;7.4;9.5;16.5;10.2;9.3;13.7;9.8;8.1;0.0;1.9;57.1;0.0;56.7;0.0;56.4;0.0;7.0;7.0;8.0;C;0.0;N;2.0;C;0.0;90832.0;9999999999.0;9999999999.0;2.0;1.0;1;1.0
M0003;2014.0;2.0;5.0;14.2;7.5;9.0;11.6;11.0;8.9;10.2;10.6;5.7;0.0;0.3;9999.99;0.0;61.9;0.0;61.7;0.0;8.0;8.0;8.0;C;0.0;C;0.0;C;0.0;91148.0;9999999999.0;9999999999.0;2.0;1.0;1;1.0
M0003;2014.0;2.0;6.0;18.2;5.5;7.8;16.3;11.0;7.2;12.5;10.4;0.0;0.0;0.0;61.0;0.0;60.7;0.0;59.6;0.0;8.0;4.0;7.0;C;0.0;C;0.0;C;0.0;91256.0;9999999999.0;9999999999.0;2.0;1.0;1;1.0
M0003;2014.0;2.0;7.0;19.4;4.5;6.7;18.0;17.8;6.6;13.5;10.8;0.0;0.0;0.0;58.7;0.0;57.9;0.0;55.5;0.0;8.0;4.0;7.0;C;0.0;C;0.0;C;0.0;91564.0;9999999999.0;9999999999.0;2.0;1.0;1;1.0
M0003;2014.0;2.0;8.0;17.1;6.0;8.6;15.0;11.6;8.0;12.4;11.0;1.2;0.0;0.1;55.9;0.0;54.9;0.0;54.6;0.0;6.0;8.0;8.0;C;0.0;C;0.0;C;0.0;91967.0;9999999999.0;9999999999.0;2.0;1.0;1;1.0
M0003;2014.0;2.0;9.0;20.0;5.6;8.4;16.8;12.4;8.1;13.4;12.2;0.4;0.0;1.7;54.4;0.0;53.6;0.0;53.7;0.0;2.0;7.0;8.0;C;0.0;E;3.0;C;0.0;92178.0;9999999999.0;9999999999.0;2.0;1.0;1;1.0
M0003;2014.0;2.0;10.0;16.5;4.6;6.4;15.8;12.8;6.0;12.0;12.0;0.0;0.0;0.0;53.2;0.0;52.7;60.0;59.0;0.0;6.0;7.0;2.0;C;0.0;C;0.0;C;0.0;92606.0;9999999999.0;9999999999.0;2.0;1.0;1;1.0
M0003;2014.0;2.0;11.0;20.2;6.6;9.7;18.7;13.2;9.3;12.3;12.1;0.0;0.0;0.0;58.4;0.0;58.0;0.0;56.4;0.0;4.0;8.0;8.0;C;0.0;N;1.0;C;0.0;93020.0;9999999999.0;9999999999.0;2.0;1.0;1;1.0
M0003;2014.0;2.0;12.0;20.4;4.8;9.0;18.4;12.6;7.8;12.4;11.9;0.0;0.0;0.0;55.2;0.0;54.6;0.0;53.1;0.0;2.0;6.0;5.0;C;0.0;C;0.0;C;0.0;93492.0;9999999999.0;9999999999.0;2.0;1.0;1;1.0
M0003;2014.0;2.0;13.0;20.0;3.8;6.8;19.0;10.9;6.5;13.8;10.7;0.0;0.0;0.6;51.9;0.0;50.9;0.0;50.6;0.0;6.0;6.0;8.0;C;0.0;E;0.5;C;0.0;93881.0;9999999999.0;9999999999.0;2.0;1.0;1;1.0
M0003;2014.0;2.0;14.0;19.8;7.4;8.8;17.8;11.2;8.6;12.9;10.8;12.4;0.0;0.8;62.3;0.0;61.3;0.0;61.5;0.0;8.0;6.0;8.0;C;0.0;C;0.0;C;0.0;94182.0;9999999999.0;9999999999.0;2.0;1.0;1;1.0
M0003;2014.0;2.0;15.0;19.4;4.4;7.0;17.7;12.0;6.7;12.8;11.6;4.3;0.0;0.0;64.8;0.0;63.9;0.0;61.8;0.0;3.0;6.0;8.0;C;0.0;C;0.0;C;0.0;94432.0;9999999999.0;9999999999.0;2.0;1.0;1;1.0
M0003;2014.0;2.0;16.0;18.9;8.2;9.6;17.2;11.4;8.9;12.8;11.0;0.3;0.0;24.4;60.5;0.0;59.9;0.0;80.2;0.0;8.0;7.0;8.0;C;0.0;C;0.0;C;0.0;94840.0;9999999999.0;9999999999.0;2.0;1.0;1;1.0
M0003;2014.0;2.0;17.0;17.4;5.5;7.8;14.6;10.8;7.5;12.4;10.4;0.0;0.0;5.6;78.8;0.0;78.3;50.0;54.8;0.0;7.0;8.0;6.0;C;0.0;C;0.0;C;0.0;94996.0;9999999999.0;9999999999.0;2.0;1.0;1;1.0
M0003;2014.0;2.0;18.0;18.6;4.5;8.6;16.6;11.0;7.8;13.0;10.5;0.0;0.0;0.0;52.9;0.0;52.0;0.0;51.4;0.0;4.0;6.0;5.0;C;0.0;N;1.0;C;0.0;95353.0;9999999999.0;9999999999.0;2.0;1.0;1;1.0
M0003;2014.0;2.0;19.0;19.0;7.2;8.4;16.4;12.6;8.2;13.0;12.4;0.0;0.0;2.2;50.7;0.0;50.1;0.0;51.1;0.0;5.0;6.0;6.0;C;0.0;C;0.0;C;0.0;95745.0;9999999999.0;9999999999.0;2.0;1.0;1;1.0
M0003;2014.0;2.0;20.0;18.0;7.0;8.6;17.4;12.0;8.3;14.4;11.6;9.0;0.0;1.1;57.3;0.0;56.7;0.0;56.3;0.0;8.0;7.0;8.0;C;0.0;N;1.5;C;0.0;96132.0;9999999999.0;9999999999.0;2.0;1.0;1;1.0
M0003;2014.0;2.0;21.0;17.7;7.7;9.0;15.8;11.0;8.7;13.9;10.8;0.0;0.0;7.2;55.8;0.0;55.3;0.0;61.8;0.0;8.0;8.0;8.0;C;0.0;C;0.0;C;0.0;96366.0;9999999999.0;9999999999.0;2.0;1.0;1;1.0
M0003;2014.0;2.0;22.0;18.9;4.0;6.2;16.4;12.2;6.0;13.4;12.0;0.0;0.0;0.6;60.6;0.0;60.0;0.0;60.0;0.0;8.0;7.0;8.0;C;0.0;C;0.0;C;0.0;96749.0;9999999999.0;9999999999.0;2.0;1.0;1;1.0
M0003;2014.0;2.0;23.0;;;;;;;;;16.0;999.9;999.9;9999.99;0.0;9999.99;0.0;9999.99;0.0;99.0;99.0;99.0;99;99.9;99;99.9;99;99.9;9999999999.0;9999999999.0;9999999999.0;2.0;1.0;1;1.0
M0003;2014.0;2.0;24.0;17.4;8.3;9.5;15.8;12.2;9.5;13.2;12.0;5.5;0.0;4.6;76.7;50.0;49.0;0.0;51.0;0.0;8.0;8.0;8.0;C;0.0;C;0.0;C;0.0;97020.0;9999999999.0;9999999999.0;2.0;1.0;1;1.0
M0003;2014.0;2.0;25.0;19.0;7.2;9.8;15.2;12.7;9.6;13.0;11.7;0.2;0.0;0.0;50.5;0.0;50.0;0.0;48.6;0.0;8.0;8.0;8.0;C;0.0;N;1.0;NE;1.0;97031.0;9999999999.0;9999999999.0;2.0;1.0;1;1.0
M0003;2014.0;2.0;26.0;20.2;4.9;7.0;18.4;13.0;6.7;13.9;11.8;0.0;0.0;0.0;47.9;0.0;47.5;0.0;46.4;0.0;6.0;5.0;7.0;C;0.0;N;1.0;N;1.0;97272.0;9999999999.0;9999999999.0;2.0;1.0;1;1.0
M0003;2014.0;2.0;27.0;17.6;4.8;8.4;15.6;10.2;8.3;14.0;9.7;0.0;0.0;2.5;44.5;0.0;43.6;0.0;45.1;0.0;8.0;7.0;6.0;C;0.0;C;0.0;C;0.0;97697.0;9999999999.0;9999999999.0;2.0;1.0;1;1.0
M0003;2014.0;2.0;28.0;17.4;4.0;7.6;13.8;11.2;7.3;12.4;11.0;0.0;1.3;6.4;44.4;0.0;45.6;0.0;52.0;0.0;6.0;6.0;6.0;C;0.0;C;0.0;C;0.0;97973.0;9999999999.0;9999999999.0;2.0;1.0;1;1.0
M0003;2014.0;3.0;1.0;17.6;7.3;8.7;15.6;9.8;8.5;12.7;9.5;8.0;0.0;7.8;58.6;0.0;58.4;0.0;64.9;0.0;8.0;6.0;8.0;C;0.0;C;0.0;C;0.0;98171.0;9999999999.0;9999999999.0;2.0;1.0;1;1.0
M0003;2014.0;3.0;2.0;16.4;6.6;8.2;14.2;11.6;8.0;12.2;10.8;7.8;0.0;0.0;72.6;0.0;72.2;0.0;71.7;0.0;8.0;7.0;7.0;C;0.0;C;0.0;C;0.0;98480.0;9999999999.0;9999999999.0;2.0;1.0;1;1.0
M0003;2014.0;3.0;3.0;15.2;6.6;8.6;13.3;10.6;8.4;11.8;10.3;5.7;0.0;6.2;76.8;0.0;76.3;0.0;82.2;0.0;8.0;8.0;8.0;C;0.0;NE;1.0;C;0.0;98498.0;9999999999.0;9999999999.0;2.0;1.0;1;1.0
M0003;2014.0;3.0;4.0;17.8;6.4;7.5;12.8;10.4;7.2;11.0;10.2;2.3;0.0;3.7;83.6;50.0;49.4;0.0;52.0;0.0;6.0;8.0;8.0;C;0.0;W;3.8;C;0.0;98778.0;9999999999.0;9999999999.0;2.0;1.0;1;1.0
M0003;2014.0;3.0;5.0;16.0;7.8;9.5;14.8;10.4;9.3;12.8;10.1;4.3;0.1;8.7;55.7;0.0;55.6;0.0;62.7;0.0;8.0;6.0;7.0;C;0.0;C;0.0;C;0.0;99128.0;9999999999.0;9999999999.0;2.0;1.0;1;1.0
M0003;2014.0;3.0;6.0;17.4;6.4;7.8;14.7;12.2;7.5;12.4;11.7;8.6;0.0;0.4;71.2;0.0;70.6;0.0;70.3;0.0;5.0;8.0;8.0;C;0.0;C;0.0;C;0.0;99347.0;9999999999.0;9999999999.0;2.0;1.0;1;1.0
M0003;2014.0;3.0;7.0;16.8;6.8;9.0;16.2;11.6;8.7;13.1;11.5;24.8;0.0;4.9;91.5;50.0;49.3;0.0;52.7;0.0;6.0;6.0;8.0;C;0.0;C;0.0;C;0.0;99551.0;9999999999.0;9999999999.0;2.0;1.0;1;1.0
M0003;2014.0;3.0;8.0;17.4;7.8;9.4;13.8;10.5;9.3;12.3;10.4;11.2;0.0;10.0;63.2;0.0;62.6;0.0;71.6;0.0;8.0;8.0;8.0;C;0.0;C;0.0;C;0.0;99689.0;9999999999.0;9999999999.0;2.0;1.0;1;1.0
M0003;2014.0;3.0;9.0;17.4;6.8;8.2;12.4;9.9;8.1;10.6;9.3;9.9;2.3;7.8;81.0;50.0;51.6;0.0;59.2;0.0;8.0;8.0;8.0;C;0.0;C;0.0;C;0.0;99970.0;9999999999.0;9999999999.0;2.0;1.0;1;1.0
M0003;2014.0;3.0;10.0;17.6;5.3;8.4;15.0;9.8;8.1;12.4;9.6;0.0;0.0;4.6;58.3;0.0;57.5;0.0;61.2;0.0;8.0;7.0;8.0;C;0.0;C;0.0;C;0.0;9999999999.0;9999999999.0;9999999999.0;2.0;1.0;1;1.0
M0003;2014.0;3.0;11.0;17.9;5.9;8.0;14.6;11.5;7.8;12.7;11.4;0.1;0.0;1.5;61.1;0.0;61.0;0.0;62.0;0.0;8.0;8.0;8.0;C;0.0;C;0.0;C;0.0;146.0;9999999999.0;9999999999.0;2.0;1.0;1;1.0
M0003;2014.0;3.0;12.0;17.5;6.8;9.0;15.2;10.0;8.8;14.6;9.7;13.6;0.0;6.1;74.5;0.0;74.1;0.0;79.8;50.0;8.0;8.0;8.0;C;0.0;NE;1.0;C;0.0;327.0;9999999999.0;9999999999.0;2.0;1.0;1;1.0
M0003;2014.0;3.0;13.0;17.2;8.2;10.0;15.7;12.4;10.0;13.8;12.0;17.7;0.0;0.5;67.6;0.0;66.9;0.0;66.0;0.0;8.0;8.0;8.0;C;0.0;NE;1.0;C;0.0;657.0;9999999999.0;9999999999.0;2.0;1.0;1;1.0
M0003;2014.0;3.0;14.0;18.4;5.4;7.2;16.0;10.9;7.2;13.8;9.6;2.5;0.0;7.4;67.6;0.0;65.6;0.0;70.6;0.0;3.0;8.0;7.0;C;0.0;C;0.0;C;0.0;1017.0;9999999999.0;9999999999.0;2.0;1.0;1;1.0
M0003;2014.0;3.0;15.0;19.4;7.1;9.6;15.4;10.0;9.0;13.0;10.0;2.5;0.0;2.8;72.1;50.0;49.5;0.0;52.0;0.0;6.0;8.0;8.0;C;0.0;W;1.0;C;0.0;1163.0;9999999999.0;9999999999.0;2.0;1.0;1;1.0
M0003;2014.0;3.0;16.0;17.4;5.6;7.6;14.8;11.2;7.0;13.0;10.8;0.8;0.0;0.3;50.5;0.0;49.5;0.0;49.8;0.0;8.0;8.0;8.0;C;0.0;C;0.0;C;0.0;1437.0;9999999999.0;9999999999.0;2.0;1.0;1;1.0
M0003;2014.0;3.0;17.0;17.2;6.0;8.0;15.4;11.4;7.6;11.7;11.2;16.3;0.0;0.0;64.8;0.0;64.5;0.0;64.0;0.0;8.0;8.0;8.0;C;0.0;C;0.0;C;0.0;1605.0;9999999999.0;9999999999.0;2.0;1.0;1;1.0
M0003;2014.0;3.0;18.0;16.7;7.8;9.6;13.8;11.6;9.4;12.3;11.2;0.8;888.8;2.0;64.3;0.0;63.6;0.0;65.5;0.0;8.0;8.0;8.0;C;0.0;C;0.0;C;0.0;9999999999.0;9999999999.0;9999999999.0;2.0;1.0;1;1.0
M0003;2014.0;3.0;19.0;17.3;6.0;9.8;15.2;12.4;8.6;12.4;10.4;0.2;0.0;0.0;64.8;0.0;64.6;0.0;64.2;0.0;6.0;7.0;7.0;C;0.0;C;0.0;C;0.0;1964.0;9999999999.0;9999999999.0;2.0;1.0;1;1.0
M0003;2014.0;3.0;20.0;16.0;7.8;9.4;13.8;12.0;9.0;11.4;10.2;0.0;888.8;0.0;63.5;0.0;62.7;0.0;62.1;0.0;8.0;7.0;6.0;C;0.0;C;0.0;C;0.0;2191.0;9999999999.0;9999999999.0;2.0;1.0;1;1.0
M0003;2014.0;3.0;21.0;17.6;5.2;7.4;15.8;12.2;7.2;12.4;11.7;0.0;0.0;0.0;62.0;0.0;61.1;0.0;60.2;0.0;6.0;8.0;5.0;C;0.0;N;1.0;C;0.0;2374.0;9999999999.0;9999999999.0;2.0;1.0;1;1.0
M0003;2014.0;3.0;22.0;18.0;6.0;9.0;15.6;11.8;8.6;11.8;10.2;0.0;0.0;0.0;59.4;0.0;58.7;0.0;57.7;0.0;4.0;7.0;6.0;C;0.0;N;2.0;C;0.0;2890.0;9999999999.0;9999999999.0;2.0;1.0;1;1.0
M0003;2014.0;3.0;23.0;18.4;7.4;10.4;17.0;13.0;9.5;13.0;12.0;0.0;0.0;0.3;56.7;0.0;56.0;0.0;55.2;0.0;6.0;7.0;7.0;C;0.0;N;3.2;C;0.0;3510.0;9999999999.0;9999999999.0;2.0;1.0;1;1.0
M0003;2014.0;3.0;24.0;17.0;8.0;9.6;16.2;10.0;9.2;12.0;9.9;0.3;0.1;6.3;54.7;50.0;48.9;0.0;54.4;0.0;8.0;6.0;8.0;C;0.0;S;1.0;C;0.0;3894.0;9999999999.0;9999999999.0;2.0;1.0;1;1.0
M0003;2014.0;3.0;25.0;17.3;4.7;7.4;14.9;11.2;7.3;12.6;10.8;4.2;0.0;2.0;57.2;0.0;56.7;0.0;57.8;0.0;7.0;7.0;8.0;C;0.0;C;0.0;C;0.0;4283.0;9999999999.0;9999999999.0;2.0;1.0;1;1.0
M0003;2014.0;3.0;26.0;17.6;8.6;9.6;15.2;11.6;9.3;12.6;11.0;11.6;0.0;0.0;68.1;0.0;67.6;0.0;66.1;0.0;8.0;7.0;7.0;C;0.0;C;0.0;N;1.0;4391.0;9999999999.0;9999999999.0;2.0;1.0;1;1.0
M0003;2014.0;3.0;27.0;19.3;6.8;8.6;18.2;13.2;8.3;14.0;11.0;1.3;0.0;0.0;66.8;0.0;66.3;0.0;64.5;0.0;8.0;8.0;4.0;C;0.0;C;0.0;C;0.0;4626.0;9999999999.0;9999999999.0;2.0;1.0;1;1.0
M0003;2014.0;3.0;28.0;20.3;5.3;9.2;19.0;12.6;7.5;15.0;12.2;0.0;0.0;0.0;63.5;0.0;62.8;0.0;61.4;0.0;3.0;6.0;5.0;C;0.0;E;1.0;C;0.0;5026.0;9999999999.0;9999999999.0;2.0;1.0;1;1.0
M0003;2014.0;3.0;29.0;18.0;7.6;9.8;16.8;12.5;9.6;14.2;12.0;0.0;3.5;2.4;60.5;0.0;63.5;0.0;65.0;0.0;8.0;7.0;6.0;C;0.0;C;0.0;C;0.0;5557.0;9999999999.0;9999999999.0;2.0;1.0;1;1.0
M0003;2014.0;3.0;30.0;18.4;7.8;9.8;16.7;9.3;9.2;12.4;9.0;0.0;0.0;3.4;64.2;0.0;63.4;0.0;65.0;0.0;6.0;6.0;8.0;C;0.0;C;0.0;C;0.0;5729.0;9999999999.0;9999999999.0;2.0;1.0;1;1.0
M0003;2014.0;3.0;31.0;20.0;2.2;6.6;18.4;10.5;6.4;13.2;10.2;0.0;0.0;0.7;64.0;0.0;63.6;0.0;62.7;0.0;6.0;3.0;4.0;C;0.0;N;3.0;C;0.0;6163.0;9999999999.0;9999999999.0;2.0;1.0;1;1.0
M0003;2014.0;4.0;1.0;20.3;2.3;7.0;19.0;13.2;5.4;11.4;10.0;0.0;0.0;0.0;61.4;60.0;59.4;0.0;58.5;0.0;3.0;7.0;4.0;C;0.0;E;2.0;C;0.0;6506.0;9999999999.0;9999999999.0;2.0;1.0;1;1.0
M0003;2014.0;4.0;2.0;19.2;6.0;8.8;15.8;13.4;6.4;11.4;10.4;0.0;0.0;0.0;57.0;0.0;54.7;0.0;53.4;0.0;8.0;6.0;3.0;C;0.0;S;2.0;C;0.0;7346.0;9999999999.0;9999999999.0;2.0;1.0;1;1.0
M0003;2014.0;4.0;3.0;18.6;5.8;9.7;16.1;10.9;8.2;12.2;10.8;0.0;0.0;0.1;51.5;0.0;50.7;0.0;50.2;0.0;3.0;7.0;8.0;C;0.0;S;1.0;C;0.0;7977.0;9999999999.0;9999999999.0;2.0;1.0;1;1.0
M0003;2014.0;4.0;4.0;19.6;4.8;9.2;16.4;10.8;8.2;12.6;10.0;0.0;0.0;9.1;49.4;0.0;49.1;0.0;56.1;0.0;5.0;6.0;8.0;C;0.0;SE;2.0;C;0.0;8371.0;9999999999.0;9999999999.0;2.0;1.0;1;1.0
M0003;2014.0;4.0;5.0;20.5;5.9;11.0;19.7;11.1;9.7;14.0;10.5;2.3;0.0;4.2;58.2;0.0;57.5;0.0;59.0;0.0;2.0;4.0;3.0;C;0.0;SE;1.0;C;0.0;9057.0;9999999999.0;9999999999.0;2.0;1.0;1;1.0
M0003;2014.0;4.0;6.0;19.6;7.6;11.2;17.5;12.8;9.0;12.6;12.4;0.0;0.0;0.5;58.0;0.0;56.8;0.0;55.6;0.0;2.0;7.0;7.0;S;1.0;C;0.0;C;0.0;9872.0;9999999999.0;9999999999.0;2.0;1.0;1;1.0
M0003;2014.0;4.0;7.0;19.4;6.8;9.4;16.4;12.5;8.8;11.8;10.2;0.5;0.0;0.0;54.5;0.0;54.1;0.0;53.3;0.0;5.0;6.0;4.0;C;0.0;N;3.0;C;0.0;10365.0;9999999999.0;9999999999.0;2.0;1.0;1;1.0
M0003;2014.0;4.0;8.0;19.3;6.0;10.4;16.6;12.0;8.9;12.2;11.4;0.0;0.0;0.0;52.3;0.0;51.2;0.0;48.4;0.0;6.0;7.0;7.0;C;0.0;C;0.0;C;0.0;11038.0;9999999999.0;9999999999.0;2.0;1.0;1;1.0
M0003;2014.0;4.0;9.0;19.5;5.6;8.7;17.6;12.0;8.6;13.0;11.7;0.0;0.0;0.1;48.0;0.0;47.5;0.0;46.0;0.0;5.0;8.0;7.0;C;0.0;NE;1.0;C;0.0;11706.0;9999999999.0;9999999999.0;2.0;1.0;1;1.0
M0003;2014.0;4.0;10.0;20.1;6.0;8.8;18.4;13.6;8.2;12.0;7.8;0.0;0.0;0.0;45.5;0.0;45.0;0.0;43.1;0.0;3.0;3.0;7.0;S;1.0;N;3.5;N;1.0;12153.0;9999999999.0;9999999999.0;2.0;1.0;1;1.0
M0003;2014.0;4.0;11.0;20.0;5.0;9.3;18.1;13.0;7.9;12.5;11.1;0.0;0.0;0.0;40.7;0.0;39.6;0.0;37.8;0.0;0.0;6.0;6.0;C;0.0;E;1.5;C;0.0;13080.0;9999999999.0;9999999999.0;2.0;1.0;1;1.0
M0003;2014.0;4.0;12.0;18.8;4.1;9.0;17.1;12.2;7.9;11.5;11.6;0.0;0.0;0.0;37.6;0.0;36.1;0.0;35.7;0.0;5.0;7.0;5.0;S;2.0;N;1.0;C;0.0;13739.0;9999999999.0;9999999999.0;2.0;1.0;1;1.0
M0003;2014.0;4.0;13.0;20.4;6.8;9.0;17.0;12.7;7.6;11.6;9.9;0.0;0.0;0.0;34.5;70.0;68.0;0.0;67.0;0.0;4.0;6.0;5.0;S;1.0;E;0.5;C;0.0;14096.0;9999999999.0;9999999999.0;2.0;1.0;1;1.0
M0003;2014.0;4.0;14.0;20.2;4.2;9.7;17.8;13.5;7.8;10.8;10.9;0.0;0.0;0.0;65.2;0.0;64.1;0.0;63.9;0.0;6.0;6.0;6.0;C;0.0;N;2.5;C;0.0;14844.0;9999999999.0;9999999999.0;2.0;1.0;1;1.0
M0003;2014.0;4.0;15.0;20.0;5.8;10.2;18.7;11.2;8.6;13.0;11.0;0.0;0.0;2.0;61.7;0.0;60.6;0.0;61.9;0.0;6.0;7.0;7.0;C;0.0;SE;2.0;C;0.0;15681.0;9999999999.0;9999999999.0;2.0;1.0;1;1.0
M0003;2014.0;4.0;16.0;18.1;6.8;9.2;14.6;11.2;9.0;12.4;10.4;4.1;0.0;0.3;63.8;0.0;63.2;0.0;62.6;0.0;8.0;7.0;5.0;C;0.0;E;1.0;C;0.0;16252.0;9999999999.0;9999999999.0;2.0;1.0;1;1.0
M0003;2014.0;4.0;17.0;21.6;5.0;9.6;19.3;9.5;8.3;13.4;9.3;0.0;0.0;16.4;61.8;0.0;61.3;0.0;9999.99;0.0;5.0;4.0;8.0;C;0.0;C;0.0;C;0.0;16542.0;9999999999.0;9999999999.0;2.0;1.0;1;1.0
M0003;2014.0;4.0;18.0;19.6;5.2;10.2;18.3;12.0;8.2;13.0;10.5;5.2;0.0;0.1;74.2;0.0;73.6;0.0;72.2;0.0;0.0;4.0;5.0;S;0.5;C;0.0;C;0.0;17258.0;9999999999.0;9999999999.0;2.0;1.0;1;1.0
M0003;2014.0;4.0;19.0;20.6;6.0;9.8;17.6;10.4;8.4;12.4;10.0;11.3;0.0;8.7;83.2;0.0;81.7;46.7;53.2;0.0;2.0;5.0;6.0;C;0.0;C;0.0;C;0.0;17594.0;9999999999.0;9999999999.0;2.0;1.0;1;1.0
M0003;2014.0;4.0;20.0;20.2;5.9;10.0;15.5;11.6;9.7;12.1;9.8;0.0;0.7;0.0;51.0;0.0;51.1;0.0;50.2;0.0;7.0;8.0;2.0;C;0.0;C;0.0;C;0.0;17900.0;9999999999.0;9999999999.0;2.0;1.0;1;1.0
M0003;2014.0;4.0;21.0;18.6;6.5;9.4;16.8;12.7;8.8;12.5;12.4;0.0;0.0;0.2;49.1;60.0;59.7;0.0;58.8;0.0;7.0;6.0;7.0;C;0.0;NE;1.0;C;0.0;18317.0;9999999999.0;9999999999.0;2.0;1.0;1;1.0
M0003;2014.0;4.0;22.0;19.8;7.7;11.4;17.2;12.0;10.2;12.6;11.7;8.0;0.0;7.9;66.3;0.0;65.5;0.0;71.4;0.0;5.0;5.0;8.0;C;0.0;N;2.0;C;0.0;18628.0;9999999999.0;9999999999.0;2.0;1.0;1;1.0
M0003;2014.0;4.0;23.0;17.4;3.6;9.0;14.4;10.6;8.5;13.0;10.4;1.7;0.0;1.3;70.8;0.0;70.6;0.0;71.3;0.0;1.0;7.0;6.0;C;0.0;S;1.0;C;0.0;18952.0;9999999999.0;9999999999.0;2.0;1.0;1;1.0
M0003;2014.0;4.0;24.0;15.8;7.0;8.8;12.6;11.8;8.5;10.4;10.4;0.0;1.9;888.8;70.0;0.0;71.0;0.0;69.9;0.0;8.0;8.0;5.0;C;0.0;C;0.0;C;0.0;19274.0;9999999999.0;9999999999.0;2.0;1.0;1;1.0
M0003;2014.0;4.0;25.0;18.0;5.4;10.7;17.2;11.8;8.4;13.4;11.6;0.0;0.0;2.5;69.0;0.0;68.3;0.0;68.3;0.0;0.0;6.0;8.0;C;0.0;SE;2.0;C;0.0;19327.0;9999999999.0;9999999999.0;2.0;1.0;1;1.0
M0003;2014.0;4.0;26.0;17.0;7.2;10.0;13.8;11.2;10.0;12.7;10.4;0.8;0.3;3.1;68.3;0.0;68.1;0.0;70.6;0.0;7.0;8.0;8.0;C;0.0;N;1.0;C;0.0;19796.0;9999999999.0;9999999999.0;2.0;1.0;1;1.0
M0003;2014.0;4.0;27.0;17.9;6.3;9.0;16.2;11.2;8.7;13.8;10.8;39.8;0.0;2.2;108.9;50.0;49.8;0.0;51.2;0.0;8.0;7.0;5.0;C;0.0;C;0.0;C;0.0;19889.0;9999999999.0;9999999999.0;2.0;1.0;1;1.0
M0003;2014.0;4.0;28.0;19.5;3.8;8.9;18.5;10.6;8.1;13.0;10.4;0.0;0.0;2.6;49.8;0.0;49.3;0.0;50.7;0.0;1.0;6.0;8.0;C;0.0;N;1.0;C;0.0;20289.0;9999999999.0;9999999999.0;2.0;1.0;1;1.0
M0003;2014.0;4.0;29.0;17.7;7.0;10.2;15.2;12.2;9.8;13.2;10.9;1.4;0.0;0.0;51.5;0.0;50.9;0.0;49.9;0.0;7.0;7.0;2.0;C;0.0;C;0.0;C;0.0;20623.0;9999999999.0;9999999999.0;2.0;1.0;1;1.0
M0003;2014.0;4.0;30.0;17.4;7.6;9.5;16.4;11.6;9.3;13.4;11.2;2.2;0.1;0.0;51.2;0.0;50.6;0.0;49.4;0.0;8.0;7.0;6.0;C;0.0;SE;1.0;C;0.0;20955.0;9999999999.0;9999999999.0;2.0;1.0;1;1.0
M0003;2014.0;5.0;1.0;18.0;4.6;8.0;17.0;11.3;7.7;13.2;10.5;0.0;0.0;2.9;48.6;0.0;48.3;0.0;49.7;0.0;2.0;7.0;8.0;C;0.0;S;0.5;C;0.0;21305.0;9999999999.0;9999999999.0;2.0;1.0;1;1.0
M0003;2014.0;5.0;2.0;18.5;7.2;9.9;11.8;11.1;9.4;11.7;10.5;3.2;0.3;0.0;52.0;0.0;51.2;0.0;51.1;0.0;8.0;8.0;7.0;C;0.0;C;0.0;C;0.0;21696.0;9999999999.0;9999999999.0;2.0;1.0;1;1.0
M0003;2014.0;5.0;3.0;18.0;6.0;9.5;14.0;12.3;9.3;11.2;11.8;0.8;4.0;0.0;51.8;0.0;55.5;0.0;54.6;0.0;8.0;7.0;6.0;C;0.0;S;1.0;C;0.0;21937.0;9999999999.0;9999999999.0;2.0;1.0;1;1.0
M0003;2014.0;5.0;4.0;18.4;7.6;10.0;15.3;11.0;9.4;13.6;10.8;0.0;0.0;13.7;53.4;0.0;53.2;0.0;66.2;0.0;7.0;8.0;8.0;C;0.0;C;0.0;C;0.0;22101.0;9999999999.0;9999999999.0;2.0;1.0;1;1.0
M0003;2014.0;5.0;5.0;20.0;4.8;9.2;17.5;12.4;8.1;13.2;11.8;1.1;0.0;0.0;65.8;60.0;59.2;0.0;57.2;0.0;5.0;6.0;8.0;C;0.0;SE;1.0;C;0.0;22240.0;9999999999.0;9999999999.0;2.0;1.0;1;1.0
M0003;2014.0;5.0;6.0;19.8;4.0;9.5;16.8;11.4;8.6;12.8;10.4;3.1;0.0;3.8;58.8;0.0;58.2;0.0;60.4;0.0;3.0;7.0;7.0;C;0.0;C;0.0;C;0.0;22660.0;9999999999.0;9999999999.0;2.0;1.0;1;1.0
M0003;2014.0;5.0;7.0;17.6;7.8;9.8;14.7;10.8;9.6;12.7;10.6;5.7;0.0;7.3;65.6;0.0;65.3;0.0;71.9;0.0;6.0;7.0;8.0;C;0.0;E;1.5;C;0.0;22896.0;9999999999.0;9999999999.0;2.0;1.0;1;1.0
M0003;2014.0;5.0;8.0;13.8;7.2;9.6;12.6;9.6;9.6;12.4;9.4;2.2;2.6;0.8;73.3;0.0;75.7;0.0;76.3;0.0;8.0;8.0;8.0;C;0.0;C;0.0;C;0.0;23001.0;9999999999.0;9999999999.0;2.0;1.0;1;1.0
M0003;2014.0;5.0;9.0;17.0;7.0;9.2;14.0;10.5;9.0;12.0;10.4;6.2;1.1;3.1;82.0;0.0;82.9;0.0;85.7;50.0;8.0;6.0;8.0;C;0.0;C;0.0;C;0.0;23009.0;9999999999.0;9999999999.0;2.0;1.0;1;1.0
M0003;2014.0;5.0;10.0;19.6;7.1;9.3;17.2;10.0;9.2;13.2;9.9;4.4;0.0;6.4;53.8;0.0;53.2;0.0;57.8;0.0;8.0;7.0;8.0;C;0.0;W;1.5;C;0.0;23120.0;9999999999.0;9999999999.0;2.0;1.0;1;1.0
M0003;2014.0;5.0;11.0;17.0;6.8;9.4;14.4;11.2;9.2;12.6;10.8;11.3;0.0;3.3;68.1;0.0;67.8;0.0;70.3;0.0;6.0;7.0;8.0;C;0.0;N;1.0;C;0.0;23402.0;9999999999.0;9999999999.0;2.0;1.0;1;1.0
M0003;2014.0;5.0;12.0;18.8;6.4;8.6;17.8;11.0;8.4;14.8;10.8;6.6;0.0;0.0;76.0;50.0;49.3;0.0;47.2;0.0;8.0;6.0;7.0;C;0.0;C;0.0;C;0.0;23612.0;9999999999.0;9999999999.0;2.0;1.0;1;1.0
M0003;2014.0;5.0;13.0;19.8;5.2;10.4;17.9;12.8;9.1;13.2;12.8;0.6;0.0;0.0;46.6;0.0;45.7;0.0;44.9;0.0;3.0;6.0;4.0;C;0.0;C;0.0;C;0.0;23912.0;9999999999.0;9999999999.0;2.0;1.0;1;1.0
M0003;2014.0;5.0;14.0;20.2;5.7;10.1;15.0;11.5;9.8;11.4;10.3;0.9;0.3;0.0;45.3;0.0;44.8;0.0;44.0;0.0;7.0;8.0;7.0;C;0.0;N;2.0;C;0.0;24255.0;9999999999.0;9999999999.0;2.0;1.0;1;1.0
M0003;2014.0;5.0;15.0;17.8;7.0;10.0;16.2;11.2;9.4;11.5;10.9;0.0;0.0;1.4;42.5;0.0;42.2;0.0;42.9;0.0;4.0;7.0;8.0;C;0.0;NE;1.0;C;0.0;24743.0;9999999999.0;9999999999.0;2.0;1.0;1;1.0
M0003;2014.0;5.0;16.0;18.0;6.4;9.6;15.4;11.0;9.2;13.2;10.9;0.3;0.0;4.6;42.7;0.0;42.4;0.0;45.2;0.0;8.0;6.0;8.0;C;0.0;C;0.0;C;0.0;24980.0;9999999999.0;9999999999.0;2.0;1.0;1;1.0
M0003;2014.0;5.0;17.0;18.7;3.2;7.8;17.2;10.4;7.4;12.7;10.0;0.5;0.0;9.3;45.1;0.0;44.6;0.0;51.4;0.0;8.0;6.0;8.0;C;0.0;C;0.0;C;0.0;25100.0;9999999999.0;9999999999.0;2.0;1.0;1;1.0
M0003;2014.0;5.0;18.0;18.2;6.5;8.8;16.0;12.2;8.2;13.1;11.4;0.3;0.0;0.1;51.3;0.0;9999.99;52.0;51.9;0.0;5.0;7.0;5.0;C;0.0;C;0.0;C;0.0;25343.0;9999999999.0;9999999999.0;2.0;1.0;1;1.0
M0003;2014.0;5.0;19.0;19.7;5.0;10.0;18.9;12.9;8.4;13.4;11.7;0.0;0.0;0.0;49.9;50.0;49.0;0.0;48.6;0.0;2.0;5.0;5.0;C;0.0;N;2.5;N;1.0;25548.0;9999999999.0;9999999999.0;2.0;1.0;1;1.0
M0003;2014.0;5.0;20.0;17.4;7.8;9.8;14.8;10.2;9.0;12.8;10.0;0.0;0.0;5.0;48.5;0.0;47.8;0.0;51.7;0.0;6.0;7.0;5.0;C;0.0;C;0.0;C;0.0;26094.0;9999999999.0;9999999999.0;2.0;1.0;1;1.0
M0003;2014.0;5.0;21.0;20.4;5.6;8.5;16.9;12.4;8.1;12.7;11.4;0.3;0.0;0.7;9999.99;52.4;51.6;0.0;50.5;0.0;8.0;8.0;6.0;C;0.0;N;3.0;C;0.0;26233.0;9999999999.0;9999999999.0;2.0;1.0;1;1.0
M0003;2014.0;5.0;22.0;20.0;4.8;10.0;17.9;12.7;9.8;13.0;11.7;0.0;0.0;0.0;49.2;0.0;48.6;0.0;47.4;0.0;7.0;6.0;7.0;C;0.0;N;2.0;C;0.0;26613.0;9999999999.0;9999999999.0;2.0;1.0;1;1.0
M0003;2014.0;5.0;23.0;20.6;7.5;10.4;16.6;12.0;10.0;12.8;11.5;2.6;0.0;2.6;48.2;0.0;48.0;0.0;49.7;0.0;6.0;7.0;6.0;C;0.0;C;0.0;N;1.0;27052.0;9999999999.0;9999999999.0;2.0;1.0;1;1.0
M0003;2014.0;5.0;24.0;20.0;4.8;8.2;17.8;12.4;7.4;12.1;12.0;14.4;0.0;0.0;62.7;0.0;61.9;0.0;60.8;0.0;4.0;3.0;7.0;C;0.0;N;1.5;C;0.0;27248.0;9999999999.0;9999999999.0;2.0;1.0;1;1.0
M0003;2014.0;5.0;25.0;17.2;3.0;9.8;15.2;11.2;8.2;11.2;9.4;0.0;0.0;2.5;59.3;0.0;59.0;0.0;60.3;0.0;2.0;8.0;5.0;S;1.0;N;1.0;C;0.0;27607.0;9999999999.0;9999999999.0;2.0;1.0;1;1.0
M0003;2014.0;5.0;26.0;18.6;5.8;9.4;15.8;11.4;8.8;11.0;10.7;0.0;0.0;0.0;59.4;50.0;49.6;0.0;48.4;0.0;4.0;6.0;4.0;C;0.0;N;3.0;C;0.0;27834.0;9999999999.0;9999999999.0;2.0;1.0;1;1.0
M0003;2014.0;5.0;27.0;17.4;5.5;6.5;15.7;12.2;6.3;11.6;10.8;0.2;0.0;0.0;47.2;0.0;46.7;0.0;45.8;0.0;6.0;8.0;7.0;C;0.0;C;0.0;C;0.0;28617.0;9999999999.0;9999999999.0;2.0;1.0;1;1.0
M0003;2014.0;5.0;28.0;17.5;4.2;8.3;15.8;11.7;7.5;12.0;11.4;0.0;0.0;0.3;45.6;0.0;45.2;0.0;44.6;0.0;5.0;8.0;8.0;C;0.0;C;0.0;C;0.0;28852.0;9999999999.0;9999999999.0;2.0;1.0;1;1.0
M0003;2014.0;5.0;29.0;15.2;6.8;9.4;12.2;11.2;9.2;11.3;10.9;0.0;0.8;3.4;44.0;0.0;44.6;0.0;47.9;0.0;8.0;8.0;8.0;C;0.0;C;0.0;C;0.0;28938.0;9999999999.0;9999999999.0;2.0;1.0;1;1.0
M0003;2014.0;5.0;30.0;20.2;3.2;8.4;18.8;10.0;8.2;13.2;9.2;26.1;0.0;4.5;73.4;0.0;72.6;0.0;73.8;0.0;0.0;3.0;7.0;C;0.0;W;0.5;C;0.0;29014.0;9999999999.0;9999999999.0;2.0;1.0;1;1.0
M0003;2014.0;5.0;31.0;20.0;6.7;10.0;15.8;11.0;9.2;11.7;10.5;0.0;0.0;0.0;72.9;0.0;72.2;0.0;71.5;0.0;6.0;7.0;3.0;C;0.0;N;1.0;C;0.0;29321.0;9999999999.0;9999999999.0;2.0;1.0;1;1.0
M0003;2014.0;6.0;1.0;15.8;6.5;9.4;14.8;11.2;9.2;13.4;11.1;11.3;0.8;2.6;82.2;50.0;50.5;0.0;52.2;0.0;8.0;7.0;5.0;C;0.0;C;0.0;C;0.0;29514.0;9999999999.0;9999999999.0;2.0;1.0;1;1.0
M0003;2014.0;6.0;2.0;17.6;6.8;10.5;15.2;11.5;10.3;12.2;11.0;2.6;0.0;0.9;54.4;0.0;53.9;50.0;50.4;0.0;8.0;7.0;7.0;C;0.0;C;0.0;C;0.0;29705.0;9999999999.0;9999999999.0;2.0;1.0;1;1.0
M0003;2014.0;6.0;3.0;20.2;4.2;8.2;17.2;12.3;8.2;12.4;12.0;0.0;0.0;0.0;50.3;0.0;50.1;0.0;48.6;0.0;8.0;5.0;5.0;C;0.0;N;1.0;C;0.0;29789.0;9999999999.0;9999999999.0;2.0;1.0;1;1.0
M0003;2014.0;6.0;4.0;18.2;4.6;7.4;15.2;11.4;7.0;11.4;10.8;0.0;0.1;0.0;46.5;0.0;46.4;0.0;45.3;0.0;5.0;5.0;5.0;C;0.0;C;0.0;C;0.0;30344.0;9999999999.0;9999999999.0;2.0;1.0;1;1.0
M0003;2014.0;6.0;5.0;19.6;5.2;8.5;14.9;10.4;8.2;12.0;10.0;0.0;0.7;3.4;44.6;0.0;45.1;0.0;47.8;0.0;6.0;7.0;7.0;C;0.0;C;0.0;C;0.0;30694.0;9999999999.0;9999999999.0;2.0;1.0;1;1.0
M0003;2014.0;6.0;6.0;17.1;4.8;9.3;15.5;11.4;8.7;13.2;10.7;0.0;0.2;0.2;47.4;0.0;47.3;0.0;47.2;0.0;7.0;7.0;6.0;C;0.0;C;0.0;C;0.0;30872.0;9999999999.0;9999999999.0;2.0;1.0;1;1.0
M0003;2014.0;6.0;7.0;18.0;6.4;8.8;13.8;11.2;8.3;12.0;11.1;1.1;0.0;2.1;48.0;0.0;47.6;0.0;48.3;0.0;3.0;8.0;8.0;C;0.0;E;1.0;C;0.0;30982.0;9999999999.0;9999999999.0;2.0;1.0;1;1.0
M0003;2014.0;6.0;8.0;19.7;6.0;8.2;17.0;12.8;8.0;13.4;10.4;0.0;0.3;0.0;47.9;0.0;47.8;0.0;47.3;0.0;8.0;6.0;4.0;C;0.0;N;1.5;C;0.0;31175.0;9999999999.0;9999999999.0;2.0;1.0;1;1.0
M0003;2014.0;6.0;9.0;17.4;2.0;5.0;16.2;12.0;4.8;11.4;9.0;0.3;0.0;0.0;46.4;50.0;49.3;0.0;47.4;0.0;7.0;6.0;4.0;C;0.0;E;2.0;C;0.0;31643.0;9999999999.0;9999999999.0;2.0;1.0;1;1.0
M0003;2014.0;6.0;10.0;18.8;6.8;8.9;17.4;10.5;7.4;12.7;9.9;0.5;0.0;1.1;46.8;0.0;46.3;0.0;45.6;0.0;7.0;6.0;8.0;C;0.0;N;2.0;C;0.0;32195.0;9999999999.0;9999999999.0;2.0;1.0;1;1.0
M0003;2014.0;6.0;11.0;18.0;4.7;8.2;16.6;12.0;7.4;11.4;9.6;0.6;0.0;0.0;44.4;0.0;43.7;0.0;43.0;0.0;5.0;7.0;5.0;C;0.0;W;4.0;C;0.0;32718.0;9999999999.0;9999999999.0;2.0;1.0;1;1.0
M0003;2014.0;6.0;12.0;20.4;4.8;9.6;19.2;13.6;7.4;13.8;10.4;0.0;0.0;0.0;42.2;0.0;41.3;0.0;39.7;0.0;3.0;6.0;4.0;S;1.5;SE;1.0;C;0.0;33438.0;9999999999.0;9999999999.0;2.0;1.0;1;1.0
M0003;2014.0;6.0;13.0;20.2;6.0;10.4;17.7;13.2;10.0;11.7;9.8;0.0;0.0;0.0;38.6;0.0;37.4;0.0;35.6;0.0;6.0;6.0;4.0;C;0.0;N;4.0;C;0.0;34025.0;9999999999.0;9999999999.0;2.0;1.0;1;1.0
M0003;2014.0;6.0;14.0;19.2;5.4;10.8;15.4;12.2;8.4;11.5;9.6;0.0;0.0;0.0;34.6;0.0;33.0;0.0;32.8;0.0;2.0;6.0;7.0;C;0.0;C;0.0;C;0.0;35056.0;9999999999.0;9999999999.0;2.0;1.0;1;1.0
M0003;2014.0;6.0;15.0;20.2;5.0;9.0;18.0;9.0;7.9;11.2;6.2;0.0;0.0;0.0;31.7;0.0;30.8;0.0;29.2;0.0;5.0;6.0;0.0;C;0.0;NE;4.5;S;1.0;35517.0;9999999999.0;9999999999.0;2.0;1.0;1;1.0
M0003;2014.0;6.0;16.0;20.4;5.0;9.0;18.2;10.6;7.4;11.0;7.1;0.0;0.0;0.0;27.3;0.0;26.0;60.0;55.8;0.0;1.0;2.0;0.0;S;1.0;N;3.5;S;1.0;37430.0;9999999999.0;9999999999.0;2.0;1.0;1;1.0
M0003;2014.0;6.0;17.0;18.6;6.0;8.4;17.8;12.0;8.0;11.9;8.4;0.0;0.0;0.0;53.5;0.0;52.7;0.0;51.3;0.0;4.0;4.0;5.0;S;4.5;S;3.0;S;1.0;39864.0;9999999999.0;9999999999.0;2.0;1.0;1;1.0
M0003;2014.0;6.0;18.0;19.4;5.6;8.8;16.9;10.5;7.8;11.8;8.8;0.0;0.0;0.0;50.2;0.0;48.8;0.0;47.4;0.0;1.0;6.0;2.0;S;1.5;S;2.0;S;1.0;40867.0;9999999999.0;9999999999.0;2.0;1.0;1;1.0
M0003;2014.0;6.0;19.0;19.4;5.1;8.4;16.2;9.2;6.9;10.7;7.2;0.0;0.0;0.0;45.6;0.0;44.1;0.0;42.0;0.0;0.0;2.0;2.0;S;5.0;S;5.5;S;2.0;42701.0;9999999999.0;9999999999.0;2.0;1.0;1;1.0
M0003;2014.0;6.0;20.0;19.0;4.8;8.4;16.7;11.3;7.3;11.2;8.7;0.0;0.0;0.0;40.7;0.0;39.5;0.0;37.9;0.0;1.0;5.0;3.0;S;1.5;S;2.0;C;0.0;44688.0;9999999999.0;9999999999.0;2.0;1.0;1;1.0
M0003;2014.0;6.0;21.0;18.7;5.1;8.0;17.8;12.6;7.0;11.4;8.9;0.0;0.0;0.0;36.8;0.0;35.7;0.0;34.4;0.0;5.0;7.0;5.0;C;0.0;N;2.0;S;1.0;45697.0;9999999999.0;9999999999.0;2.0;1.0;1;1.0
M0003;2014.0;6.0;22.0;20.8;6.2;10.0;19.7;12.2;8.0;12.2;8.8;0.0;0.0;0.0;33.5;70.0;68.1;0.0;65.9;0.0;2.0;4.0;2.0;S;1.0;NE;5.0;S;1.0;46630.0;9999999999.0;9999999999.0;2.0;1.0;1;1.0
M0003;2014.0;6.0;23.0;18.7;7.8;9.8;15.7;10.6;9.4;11.1;9.3;0.0;0.0;0.0;64.5;0.0;63.4;0.0;62.4;0.0;7.0;8.0;6.0;C;0.0;N;1.0;N;1.0;47853.0;9999999999.0;9999999999.0;2.0;1.0;1;1.0
M0003;2014.0;6.0;24.0;18.6;;7.0;16.7;10.0;6.7;12.1;9.5;0.0;0.0;0.3;61.5;0.0;60.9;0.0;60.4;0.0;6.0;8.0;8.0;C;0.0;N;1.0;C;0.0;48583.0;9999999999.0;9999999999.0;2.0;1.0;1;1.0
M0003;2014.0;6.0;25.0;19.5;5.1;8.6;16.1;10.8;8.2;12.9;10.6;3.5;0.0;14.4;63.1;0.0;62.5;0.0;74.2;0.0;6.0;6.0;8.0;C;0.0;S;2.5;C;0.0;48901.0;9999999999.0;9999999999.0;2.0;1.0;1;1.0
M0003;2014.0;6.0;26.0;19.4;5.0;8.2;16.7;11.0;7.4;12.0;10.8;6.7;0.1;0.1;80.5;0.0;80.0;0.0;79.2;0.0;2.0;5.0;6.0;C;0.0;E;1.5;C;0.0;49201.0;9999999999.0;9999999999.0;2.0;1.0;1;1.0
M0003;2014.0;6.0;27.0;16.4;2.2;6.0;15.0;9.0;5.6;11.0;8.0;0.0;0.0;0.0;77.8;0.0;77.3;0.0;75.5;0.0;3.0;6.0;2.0;C;0.0;N;3.0;C;0.0;49538.0;9999999999.0;9999999999.0;2.0;1.0;1;1.0
M0003;2014.0;6.0;28.0;18.8;5.8;8.2;17.6;11.2;7.5;11.8;8.4;0.0;0.0;0.0;74.5;0.0;74.1;0.0;72.8;0.0;5.0;6.0;6.0;C;0.0;N;5.0;S;1.0;50037.0;9999999999.0;9999999999.0;2.0;1.0;1;1.0
M0003;2014.0;6.0;29.0;20.9;5.3;9.0;18.8;13.3;8.2;11.8;10.2;0.0;0.0;0.0;70.5;0.0;69.8;0.0;67.8;0.0;6.0;5.0;3.0;S;1.5;N;1.0;N;1.5;50752.0;9999999999.0;9999999999.0;2.0;1.0;1;1.0
M0003;2014.0;6.0;30.0;18.8;4.0;9.4;15.4;10.4;7.5;11.6;10.2;0.0;0.0;0.7;66.5;0.0;65.5;60.0;60.6;0.0;2.0;7.0;8.0;S;1.0;S;2.0;C;0.0;51354.0;9999999999.0;9999999999.0;2.0;1.0;1;1.0
M0003;2014.0;7.0;1.0;20.2;5.2;9.4;19.4;10.0;7.8;12.7;9.8;0.0;0.0;9.2;60.5;0.0;59.7;0.0;67.1;0.0;0.0;6.0;8.0;S;2.0;N;2.0;C;0.0;51888.0;9999999999.0;9999999999.0;2.0;1.0;1;1.0
M0003;2014.0;7.0;2.0;19.0;4.0;7.2;17.0;11.6;6.5;12.0;10.4;1.2;0.0;0.0;67.7;0.0;66.8;0.0;65.7;0.0;5.0;7.0;2.0;C;0.0;NE;1.0;C;0.0;52232.0;9999999999.0;9999999999.0;2.0;1.0;1;1.0
M0003;2014.0;7.0;3.0;20.3;4.8;8.8;18.8;11.6;7.8;12.3;11.0;0.0;0.0;0.0;64.8;0.0;64.2;0.0;62.7;0.0;3.0;5.0;6.0;C;0.0;N;1.5;C;0.0;52533.0;9999999999.0;9999999999.0;2.0;1.0;1;1.0
M0003;2014.0;7.0;4.0;18.0;3.0;6.0;16.9;10.0;5.6;11.2;9.8;0.0;0.0;1.3;61.5;0.0;60.7;0.0;60.9;0.0;3.0;6.0;3.0;C;0.0;C;0.0;C;0.0;53031.0;9999999999.0;9999999999.0;2.0;1.0;1;1.0
M0003;2014.0;7.0;5.0;19.4;4.9;8.2;16.6;10.8;7.2;12.4;10.6;0.0;0.0;0.0;59.6;0.0;58.8;0.0;57.9;0.0;4.0;7.0;5.0;C;0.0;C;0.0;C;0.0;53350.0;9999999999.0;9999999999.0;2.0;1.0;1;1.0
M0003;2014.0;7.0;6.0;20.5;4.6;8.0;18.8;11.2;7.2;11.9;10.4;0.0;0.0;0.1;57.3;0.0;56.3;0.0;54.1;0.0;4.0;6.0;6.0;C;0.0;E;1.5;C;0.0;53629.0;9999999999.0;9999999999.0;2.0;1.0;1;1.0
M0003;2014.0;7.0;7.0;18.0;4.0;8.0;13.6;11.8;7.8;10.4;9.4;0.2;0.0;0.5;53.8;60.0;59.2;0.0;58.0;0.0;5.0;8.0;5.0;C;0.0;NE;1.0;C;0.0;54119.0;9999999999.0;9999999999.0;2.0;1.0;1;1.0
M0003;2014.0;7.0;8.0;18.9;4.0;8.2;16.7;10.2;7.2;11.2;8.0;0.0;0.0;0.0;57.5;0.0;56.7;0.0;55.2;0.0;6.0;7.0;2.0;C;0.0;E;2.0;S;1.0;54351.0;9999999999.0;9999999999.0;2.0;1.0;1;1.0
M0003;2014.0;7.0;9.0;20.0;5.0;8.9;18.2;12.2;6.0;12.0;8.8;0.0;0.0;0.0;53.5;0.0;52.7;0.0;50.9;0.0;2.0;4.0;2.0;C;0.0;S;1.5;C;0.0;55126.0;9999999999.0;9999999999.0;2.0;1.0;1;1.0
M0003;2014.0;7.0;10.0;19.8;4.2;8.5;17.9;11.6;6.8;10.4;8.9;0.0;0.0;0.0;49.4;0.0;48.3;0.0;47.3;0.0;0.0;6.0;6.0;S;1.0;N;1.0;S;1.0;56274.0;9999999999.0;9999999999.0;2.0;1.0;1;1.0
M0003;2014.0;7.0;11.0;20.2;5.2;8.2;17.8;12.3;6.9;12.9;9.3;0.0;0.0;0.0;46.1;0.0;45.1;0.0;43.8;0.0;0.0;3.0;6.0;S;1.0;S;3.5;E;3.0;57042.0;9999999999.0;9999999999.0;2.0;1.0;1;1.0
M0003;2014.0;7.0;12.0;21.1;5.7;9.0;19.5;10.6;8.4;11.2;7.2;0.0;0.0;0.0;42.1;0.0;40.2;0.0;38.3;0.0;0.0;2.0;0.0;S;1.0;E;5.0;S;1.0;58209.0;9999999999.0;9999999999.0;2.0;1.0;1;1.0
M0003;2014.0;7.0;13.0;20.4;6.4;9.0;16.6;13.2;8.0;10.2;10.0;0.0;0.0;0.0;36.0;0.0;34.7;0.0;31.9;0.0;3.0;6.0;5.0;S;1.0;E;1.0;E;1.0;59566.0;9999999999.0;9999999999.0;2.0;1.0;1;1.0
M0003;2014.0;7.0;14.0;20.4;6.4;9.4;16.6;11.8;9.0;11.0;8.0;0.0;0.0;0.0;29.4;0.0;27.7;0.0;26.9;0.0;4.0;6.0;0.0;S;0.5;NE;2.0;N;1.0;60961.0;9999999999.0;9999999999.0;2.0;1.0;1;1.0
M0003;2014.0;7.0;15.0;19.4;6.0;8.0;16.8;11.7;7.3;10.7;8.0;0.0;0.0;0.0;24.2;0.0;22.9;70.0;67.5;0.0;4.0;4.0;0.0;C;0.0;E;2.0;S;1.0;62274.0;9999999999.0;9999999999.0;2.0;1.0;1;1.0
M0003;2014.0;7.0;16.0;20.5;4.6;9.6;20.2;12.0;7.8;12.8;9.2;0.0;0.0;0.0;65.0;0.0;63.7;0.0;61.0;0.0;3.0;3.0;3.0;S;1.0;E;3.0;S;1.0;63880.0;9999999999.0;9999999999.0;2.0;1.0;1;1.0
M0003;2014.0;7.0;17.0;20.6;4.8;10.0;19.1;10.7;9.3;11.9;8.9;0.0;0.0;0.0;59.4;0.0;57.6;0.0;55.6;0.0;1.0;4.0;0.0;S;1.0;SE;1.5;C;0.0;65490.0;9999999999.0;9999999999.0;2.0;1.0;1;1.0
M0003;2014.0;7.0;18.0;20.8;5.8;9.5;19.6;10.5;8.2;11.5;8.0;0.0;0.0;0.0;54.1;0.0;52.7;0.0;49.9;0.0;6.0;3.0;0.0;S;0.5;E;1.5;S;0.5;67017.0;9999999999.0;9999999999.0;2.0;1.0;1;1.0
M0003;2014.0;7.0;19.0;20.6;5.4;9.0;18.4;11.4;7.9;11.4;8.6;0.0;0.0;0.0;48.6;0.0;47.6;0.0;45.0;0.0;0.0;5.0;2.0;S;1.0;E;1.0;S;1.0;68667.0;9999999999.0;9999999999.0;2.0;1.0;1;1.0
M0003;2014.0;7.0;20.0;20.7;5.0;9.4;18.0;13.4;8.6;11.8;9.9;0.0;0.0;0.0;43.6;0.0;42.2;0.0;41.3;0.0;1.0;6.0;7.0;S;2.0;S;2.0;C;0.0;69823.0;9999999999.0;9999999999.0;2.0;1.0;1;1.0
M0003;2014.0;7.0;21.0;20.5;4.6;7.2;19.6;12.6;6.8;12.2;9.2;0.0;0.0;0.0;39.8;70.0;68.0;0.0;65.0;0.0;4.0;3.0;3.0;S;1.0;N;4.5;C;0.0;70750.0;9999999999.0;9999999999.0;2.0;1.0;1;1.0
M0003;2014.0;7.0;22.0;22.6;5.1;9.0;21.0;12.2;8.0;11.6;8.6;0.0;0.0;0.0;63.5;0.0;62.8;0.0;59.6;0.0;0.0;0.0;0.0;S;2.0;N;1.5;S;0.5;71932.0;9999999999.0;9999999999.0;2.0;1.0;1;1.0
M0003;2014.0;7.0;23.0;21.8;5.5;9.6;20.0;11.7;7.9;11.8;9.9;0.0;0.0;0.0;59.0;0.0;57.9;0.0;54.0;0.0;0.0;3.0;0.0;S;1.0;N;3.0;S;0.5;73280.0;9999999999.0;9999999999.0;2.0;1.0;1;1.0
M0003;2014.0;7.0;24.0;21.8;5.8;10.4;20.4;13.9;9.6;12.2;10.2;0.0;0.0;0.0;52.6;0.0;51.7;0.0;48.3;0.0;0.0;4.0;3.0;S;5.0;E;5.0;S;0.5;74681.0;9999999999.0;9999999999.0;2.0;1.0;1;1.0
M0003;2014.0;7.0;25.0;21.6;5.0;10.0;20.0;10.5;9.0;12.3;10.0;0.0;0.0;0.0;47.1;0.0;45.6;0.0;43.0;0.0;1.0;6.0;6.0;C;0.0;E;5.0;S;1.0;76103.0;9999999999.0;9999999999.0;2.0;1.0;1;1.0
M0003;2014.0;7.0;26.0;20.2;1.4;5.2;17.6;9.6;4.6;9.2;8.9;0.0;0.0;0.0;42.0;0.0;40.6;0.0;38.0;0.0;3.0;3.0;3.0;C;0.0;N;1.0;C;0.0;76940.0;9999999999.0;9999999999.0;2.0;1.0;1;1.0
M0003;2014.0;7.0;27.0;20.4;3.8;8.8;16.6;11.0;8.4;11.0;7.6;0.0;0.0;0.0;37.6;0.0;36.6;0.0;35.7;0.0;8.0;6.0;0.0;C;0.0;E;1.0;C;0.0;77382.0;9999999999.0;9999999999.0;2.0;1.0;1;1.0
M0003;2014.0;7.0;28.0;21.4;4.6;8.4;19.2;13.0;6.4;11.4;9.6;0.0;0.0;0.0;33.5;70.0;68.0;0.0;66.4;0.0;4.0;3.0;7.0;S;1.0;N;2.0;S;1.0;78188.0;9999999999.0;9999999999.0;2.0;1.0;1;1.0
M0003;2014.0;7.0;29.0;21.6;4.9;8.6;18.8;11.6;7.2;11.0;7.8;0.0;0.0;0.0;63.5;0.0;62.3;0.0;60.0;0.0;0.0;5.0;0.0;S;1.0;E;4.0;S;1.0;79242.0;9999999999.0;9999999999.0;2.0;1.0;1;1.0
M0003;2014.0;7.0;30.0;20.6;6.7;9.5;16.8;11.2;7.8;11.2;8.3;0.0;0.0;0.0;58.0;0.0;56.7;0.0;55.8;0.0;0.0;5.0;0.0;S;4.0;S;2.0;C;0.0;80846.0;9999999999.0;9999999999.0;2.0;1.0;1;1.0
M0003;2014.0;7.0;31.0;21.5;4.1;8.2;18.9;11.4;7.0;12.8;7.4;0.0;0.0;0.0;54.1;0.0;53.5;0.0;50.5;0.0;0.0;4.0;0.0;S;1.0;S;1.0;S;1.5;82065.0;9999999999.0;9999999999.0;2.0;1.0;1;1.0
M0003;2014.0;8.0;1.0;20.5;4.7;9.0;18.4;12.0;8.0;11.2;8.1;0.0;0.0;0.0;48.6;0.0;47.9;0.0;46.0;0.0;0.0;5.0;5.0;S;1.0;E;5.0;W;1.0;83422.0;9999999999.0;9999999999.0;2.0;1.0;1;1.0
M0003;2014.0;8.0;2.0;20.2;4.4;7.4;18.2;11.2;6.2;10.2;8.2;0.0;0.0;0.0;44.6;0.0;43.2;0.0;41.6;0.0;6.0;6.0;6.0;S;2.0;E;1.5;S;1.0;84426.0;9999999999.0;9999999999.0;2.0;1.0;1;1.0
M0003;2014.0;8.0;3.0;19.4;5.1;8.2;16.4;10.0;7.4;10.4;7.6;0.0;0.0;0.0;39.4;0.0;38.9;0.0;37.4;0.0;4.0;6.0;6.0;S;1.0;SE;1.0;S;1.0;85639.0;9999999999.0;9999999999.0;2.0;1.0;1;1.0
M0003;2014.0;8.0;4.0;19.2;5.0;7.4;16.6;12.1;6.2;10.0;8.0;0.0;0.0;0.0;36.7;70.0;67.3;0.0;65.8;0.0;3.0;6.0;6.0;S;0.5;N;4.0;N;3.0;86477.0;9999999999.0;9999999999.0;2.0;1.0;1;1.0
M0003;2014.0;8.0;5.0;17.4;3.6;8.6;11.2;10.4;7.8;10.2;10.0;0.0;1.5;6.7;63.2;0.0;64.5;0.0;71.2;0.0;3.0;8.0;8.0;C;0.0;S;0.5;S;1.0;87587.0;9999999999.0;9999999999.0;2.0;1.0;1;1.0
M0003;2014.0;8.0;6.0;17.6;3.8;8.4;15.2;10.4;7.6;11.3;8.6;0.6;0.0;0.3;70.5;0.0;69.9;0.0;69.2;0.0;6.0;7.0;3.0;S;1.0;S;1.0;S;2.0;87869.0;9999999999.0;9999999999.0;2.0;1.0;1;1.0
M0003;2014.0;8.0;7.0;18.8;3.8;6.4;17.6;12.0;5.8;11.9;9.6;0.0;0.0;0.0;68.1;0.0;67.2;0.0;66.4;0.0;5.0;6.0;6.0;S;0.5;S;2.0;S;1.5;88084.0;9999999999.0;9999999999.0;2.0;1.0;1;1.0
M0003;2014.0;8.0;8.0;20.0;3.6;8.0;17.6;11.9;7.1;11.0;8.4;0.0;0.0;0.0;65.3;0.0;64.0;0.0;62.3;0.0;2.0;5.0;4.0;C;0.0;E;5.0;S;1.0;88513.0;9999999999.0;9999999999.0;2.0;1.0;1;1.0
M0003;2014.0;8.0;9.0;19.8;4.7;8.4;16.8;11.2;7.4;10.8;10.6;0.0;0.0;0.0;60.5;0.0;59.4;0.0;57.5;0.0;2.0;6.0;6.0;S;2.0;E;3.0;S;2.0;89413.0;9999999999.0;9999999999.0;2.0;1.0;1;1.0
M0003;2014.0;8.0;10.0;17.5;0.6;4.0;16.0;11.4;3.6;11.0;10.8;0.0;0.0;0.0;56.8;0.0;55.5;0.0;54.2;0.0;3.0;8.0;7.0;C;0.0;N;1.0;N;1.0;90012.0;9999999999.0;9999999999.0;2.0;1.0;1;1.0
M0003;2014.0;8.0;11.0;20.2;2.5;6.0;17.0;12.5;5.2;10.6;8.0;0.0;0.0;0.0;53.4;0.0;51.8;70.0;68.3;0.0;6.0;6.0;0.0;S;1.5;N;1.5;N;1.0;90281.0;9999999999.0;9999999999.0;2.0;1.0;1;1.0
M0003;2014.0;8.0;12.0;18.9;3.4;6.8;16.2;11.6;6.4;11.4;9.6;0.0;0.0;0.0;67.1;0.0;66.3;0.0;65.5;0.0;6.0;7.0;7.0;N;1.0;E;0.5;S;1.0;91167.0;9999999999.0;9999999999.0;2.0;1.0;1;1.0
M0003;2014.0;8.0;13.0;19.3;3.8;6.8;14.0;10.2;6.0;10.0;6.4;0.8;0.1;0.0;65.3;0.0;64.5;0.0;63.0;0.0;4.0;6.0;3.0;C;0.0;E;1.5;N;1.0;91791.0;9999999999.0;9999999999.0;2.0;1.0;1;1.0
M0003;2014.0;8.0;14.0;17.8;2.9;7.2;15.6;10.9;6.0;9.5;7.8;0.0;0.0;0.0;61.2;0.0;60.3;0.0;58.8;0.0;6.0;7.0;0.0;S;2.0;SE;3.0;S;1.0;92627.0;9999999999.0;9999999999.0;2.0;1.0;1;1.0
M0003;2014.0;8.0;15.0;19.0;5.0;9.4;16.6;11.2;7.6;10.3;8.5;0.0;0.0;0.0;57.8;0.0;56.8;0.0;55.3;0.0;2.0;5.0;2.0;S;2.0;E;3.0;C;0.0;94000.0;9999999999.0;9999999999.0;2.0;1.0;1;1.0
M0003;2014.0;8.0;16.0;20.3;6.0;11.0;18.4;11.6;8.9;11.2;7.4;0.0;0.0;0.0;54.0;0.0;52.3;0.0;50.4;0.0;4.0;6.0;0.0;S;2.0;E;5.0;E;1.0;95030.0;9999999999.0;9999999999.0;2.0;1.0;1;1.0
M0003;2014.0;8.0;17.0;19.7;4.8;7.6;17.9;11.2;5.2;11.1;7.3;0.0;0.0;0.0;47.3;0.0;46.2;0.0;43.7;0.0;4.0;3.0;6.0;S;2.0;E;2.0;S;1.0;97094.0;9999999999.0;9999999999.0;2.0;1.0;1;1.0
M0003;2014.0;8.0;18.0;20.2;6.4;9.0;14.8;10.4;7.8;9.7;7.9;0.0;0.0;0.0;41.7;0.0;40.4;0.0;39.4;0.0;6.0;7.0;6.0;S;1.0;E;3.0;S;1.0;98465.0;9999999999.0;9999999999.0;2.0;1.0;1;1.0
M0003;2014.0;8.0;19.0;18.8;4.4;8.0;14.4;10.4;5.8;9.6;7.9;0.0;0.0;0.0;38.0;0.0;36.6;0.0;34.5;0.0;4.0;4.0;0.0;S;5.0;S;1.0;S;0.5;99880.0;9999999999.0;9999999999.0;2.0;1.0;1;1.0
M0003;2014.0;8.0;20.0;19.0;3.3;7.2;16.6;11.3;5.3;9.2;7.4;0.0;0.0;0.0;32.6;0.0;31.4;0.0;28.7;0.0;5.0;6.0;4.0;S;5.0;S;2.0;S;1.0;1763.0;9999999999.0;9999999999.0;2.0;1.0;1;1.0
M0003;2014.0;8.0;21.0;19.4;3.6;7.2;18.7;10.6;4.8;11.6;9.9;0.0;0.0;1.2;27.7;0.0;26.4;70.0;69.4;0.0;3.0;5.0;7.0;S;4.0;E;1.0;N;1.5;3392.0;9999999999.0;9999999999.0;2.0;1.0;1;1.0
M0003;2014.0;8.0;22.0;19.3;3.6;7.8;17.8;10.0;6.4;11.2;9.8;0.5;0.0;1.4;69.6;0.0;68.9;0.0;68.6;0.0;6.0;6.0;8.0;S;0.5;E;1.0;S;1.0;4108.0;9999999999.0;9999999999.0;2.0;1.0;1;1.0
M0003;2014.0;8.0;23.0;20.5;1.4;8.0;17.2;10.4;6.4;9.6;9.5;0.1;0.0;0.0;67.6;0.0;66.6;0.0;65.4;0.0;5.0;7.0;4.0;S;1.0;N;1.0;N;1.0;4427.0;9999999999.0;9999999999.0;2.0;1.0;1;1.0
M0003;2014.0;8.0;24.0;19.7;3.0;8.3;17.6;10.0;7.0;11.2;7.0;0.0;0.0;0.0;64.4;0.0;63.8;0.0;62.4;0.0;7.0;6.0;5.0;S;1.0;N;1.0;C;0.0;4798.0;9999999999.0;9999999999.0;2.0;1.0;1;1.0
M0003;2014.0;8.0;25.0;18.2;3.8;10.0;16.4;12.7;8.7;11.2;9.7;0.0;0.0;0.0;61.7;0.0;61.2;0.0;60.0;0.0;8.0;6.0;5.0;C;0.0;E;1.0;C;0.0;5020.0;9999999999.0;9999999999.0;2.0;1.0;1;1.0
M0003;2014.0;8.0;26.0;18.8;5.5;8.5;15.6;8.0;6.2;10.4;7.8;0.0;0.0;24.6;58.9;0.0;58.2;0.0;80.0;0.0;7.0;6.0;8.0;S;0.5;S;1.0;C;0.0;5419.0;9999999999.0;9999999999.0;2.0;1.0;1;1.0
M0003;2014.0;8.0;27.0;18.0;4.0;8.2;16.4;9.9;7.0;11.2;9.7;1.4;0.0;5.8;78.7;0.0;77.7;0.0;80.0;0.0;8.0;6.0;8.0;C;0.0;E;0.5;C;0.0;5662.0;9999999999.0;9999999999.0;2.0;1.0;1;1.0
M0003;2014.0;8.0;28.0;17.5;3.7;7.9;15.8;10.5;7.5;11.7;9.2;4.2;0.0;0.7;84.0;60.0;57.1;0.0;57.8;0.0;5.0;7.0;5.0;C;0.0;C;0.0;S;1.0;6009.0;9999999999.0;9999999999.0;2.0;1.0;1;1.0
M0003;2014.0;8.0;29.0;18.6;5.2;8.4;14.2;11.3;7.4;11.2;8.3;0.0;0.0;0.0;56.6;0.0;55.7;0.0;54.8;0.0;4.0;7.0;3.0;S;1.5;W;2.5;C;0.0;6343.0;9999999999.0;9999999999.0;2.0;1.0;1;1.0
M0003;2014.0;8.0;30.0;18.8;4.8;9.6;17.6;10.0;7.4;11.1;6.4;0.0;0.0;0.0;53.7;0.0;51.7;0.0;49.7;0.0;5.0;1.0;0.0;S;2.0;E;4.0;S;2.0;6843.0;9999999999.0;9999999999.0;2.0;1.0;1;1.0
M0003;2014.0;8.0;31.0;19.4;3.5;8.0;18.6;10.4;5.4;10.0;7.0;0.0;0.0;0.0;47.5;0.0;45.7;0.0;43.3;0.0;0.0;2.0;0.0;S;5.0;E;5.0;S;2.0;8786.0;9999999999.0;9999999999.0;2.0;1.0;1;1.0
M0003;2014.0;9.0;1.0;20.6;3.8;9.0;17.8;11.0;5.9;10.9;9.0;0.0;0.0;0.0;41.0;70.0;67.0;0.0;65.8;0.0;0.0;6.0;0.0;S;2.0;E;5.0;S;2.0;10585.0;9999999999.0;9999999999.0;2.0;1.0;1;1.0
M0003;2014.0;9.0;2.0;21.0;2.2;8.4;17.8;11.0;7.4;10.9;10.4;0.0;0.0;0.0;64.5;0.0;63.5;0.0;62.7;0.0;0.0;5.0;6.0;S;2.0;N;3.0;N;6.0;11497.0;9999999999.0;9999999999.0;2.0;1.0;1;1.0
M0003;2014.0;9.0;3.0;19.2;4.0;7.8;17.4;10.8;6.9;11.8;9.7;0.5;0.0;0.0;61.1;0.0;60.8;0.0;59.7;0.0;6.0;7.0;3.0;W;1.0;C;0.0;C;0.0;11898.0;9999999999.0;9999999999.0;2.0;1.0;1;1.0
M0003;2014.0;9.0;4.0;20.1;6.3;9.0;17.4;11.2;7.0;11.0;8.4;0.0;0.0;0.5;58.5;0.0;57.9;0.0;57.2;0.0;3.0;7.0;2.0;S;1.5;N;2.0;S;1.0;12026.0;9999999999.0;9999999999.0;2.0;1.0;1;1.0
M0003;2014.0;9.0;5.0;21.2;4.4;9.6;19.7;10.7;7.9;11.6;7.9;0.0;0.0;0.0;56.7;0.0;55.3;0.0;52.7;0.0;1.0;2.0;0.0;S;1.0;E;7.3;S;1.0;12586.0;9999999999.0;9999999999.0;2.0;1.0;1;1.0
M0003;2014.0;9.0;6.0;20.4;3.4;8.8;18.4;10.4;5.8;10.5;7.4;0.0;0.0;0.0;50.5;0.0;49.2;0.0;47.0;0.0;0.0;7.0;5.0;S;2.0;N;1.0;S;1.0;14472.0;9999999999.0;9999999999.0;2.0;1.0;1;1.0
M0003;2014.0;9.0;7.0;17.4;4.8;8.4;16.0;9.8;6.3;10.2;7.4;0.0;0.0;0.0;45.7;0.0;44.2;0.0;42.6;0.0;2.0;6.0;0.0;S;6.0;S;6.8;S;1.5;15578.0;9999999999.0;9999999999.0;2.0;1.0;1;1.0
M0003;2014.0;9.0;8.0;18.4;4.8;8.2;16.6;9.5;7.0;11.2;7.0;0.0;0.0;0.0;41.5;70.0;68.5;0.0;66.7;0.0;2.0;6.0;0.0;S;1.0;S;1.5;S;1.0;17656.0;9999999999.0;9999999999.0;2.0;1.0;1;1.0
M0003;2014.0;9.0;9.0;20.7;5.6;10.0;17.9;12.4;7.9;10.8;8.6;0.0;0.0;0.0;64.8;0.0;63.6;0.0;61.4;0.0;3.0;6.0;5.0;S;1.5;E;5.0;E;1.0;19418.0;9999999999.0;9999999999.0;2.0;1.0;1;1.0
M0003;2014.0;9.0;10.0;19.8;2.0;6.2;17.8;10.5;5.0;10.4;10.0;0.0;0.0;2.1;60.7;0.0;60.0;0.0;61.2;0.0;3.0;7.0;5.0;S;1.0;NE;1.0;C;0.0;20583.0;9999999999.0;9999999999.0;2.0;1.0;1;1.0
M0003;2014.0;9.0;11.0;20.2;5.0;8.8;16.8;10.4;7.4;10.8;9.0;0.0;0.0;0.0;60.8;0.0;59.6;0.0;56.7;0.0;3.0;7.0;8.0;S;1.0;N;1.5;C;0.0;20946.0;9999999999.0;9999999999.0;2.0;1.0;1;1.0
M0003;2014.0;9.0;12.0;16.8;4.8;8.0;13.0;10.6;7.0;9.8;8.2;2.2;0.0;0.0;58.5;0.0;58.2;0.0;57.9;0.0;8.0;7.0;3.0;S;1.0;S;1.0;S;1.0;21429.0;9999999999.0;9999999999.0;2.0;1.0;1;1.0
M0003;2014.0;9.0;13.0;19.8;7.2;9.2;14.2;12.2;6.8;10.8;10.2;0.0;0.0;0.0;55.4;0.0;54.6;0.0;53.5;0.0;0.0;8.0;7.0;S;1.0;S;1.5;E;1.0;22101.0;9999999999.0;9999999999.0;2.0;1.0;1;1.0
M0003;2014.0;9.0;14.0;17.6;3.8;8.2;16.0;12.0;7.6;11.1;10.0;0.2;0.0;0.0;52.3;0.0;51.5;0.0;50.7;0.0;7.0;7.0;7.0;S;1.0;N;1.0;C;0.0;22666.0;9999999999.0;9999999999.0;2.0;1.0;1;1.0
M0003;2014.0;9.0;15.0;15.4;3.8;8.2;13.8;11.0;8.0;9.7;10.4;0.0;8.0;0.1;50.0;0.0;57.8;0.0;57.3;0.0;8.0;7.0;8.0;W;1.0;N;1.0;S;1.0;22860.0;9999999999.0;9999999999.0;2.0;1.0;1;1.0
M0003;2014.0;9.0;16.0;17.4;4.6;8.8;11.5;11.0;7.9;10.2;8.2;1.2;0.5;0.0;58.4;0.0;58.6;0.0;57.0;0.0;7.0;6.0;4.0;C;0.0;S;1.0;S;1.0;22897.0;9999999999.0;9999999999.0;2.0;1.0;1;1.0
M0003;2014.0;9.0;17.0;20.2;1.0;6.6;16.0;10.6;5.6;10.8;9.7;0.0;0.0;0.0;56.1;0.0;55.0;0.0;53.5;0.0;6.0;8.0;8.0;S;1.0;C;0.0;S;1.0;23077.0;9999999999.0;9999999999.0;2.0;1.0;1;1.0
M0003;2014.0;9.0;18.0;20.0;2.2;8.4;17.8;9.4;6.8;12.0;8.6;0.0;0.0;3.1;52.2;0.0;51.3;0.0;52.3;0.0;3.0;7.0;8.0;S;1.0;N;1.5;W;1.5;23336.0;9999999999.0;9999999999.0;2.0;1.0;1;1.0
M0003;2014.0;9.0;19.0;20.5;4.0;9.0;19.4;10.4;8.0;13.6;10.2;0.0;0.0;1.7;51.2;0.0;51.0;0.0;51.5;0.0;2.0;6.0;8.0;SE;1.0;S;2.0;E;1.0;23903.0;9999999999.0;9999999999.0;2.0;1.0;1;1.0
M0003;2014.0;9.0;20.0;17.6;5.2;9.0;17.6;11.0;8.6;13.8;10.4;0.3;0.0;0.7;50.8;0.0;50.0;0.0;50.3;0.0;5.0;7.0;8.0;S;1.0;E;1.0;N;1.0;24291.0;9999999999.0;9999999999.0;2.0;1.0;1;1.0
M0003;2014.0;9.0;21.0;20.0;4.6;8.0;15.2;9.8;7.7;11.4;9.6;0.0;0.0;2.2;48.8;50.0;49.3;0.0;51.0;0.0;6.0;7.0;5.0;C;0.0;S;1.5;S;1.0;24516.0;9999999999.0;9999999999.0;2.0;1.0;1;1.0
M0003;2014.0;9.0;22.0;17.2;3.2;8.0;14.8;8.6;7.8;12.0;8.4;0.0;0.0;20.6;50.4;0.0;49.9;0.0;66.3;0.0;8.0;8.0;8.0;S;1.0;E;1.0;N;1.0;24795.0;9999999999.0;9999999999.0;2.0;1.0;1;1.0
M0003;2014.0;9.0;23.0;20.4;4.6;8.7;19.0;11.0;7.3;14.0;10.7;0.4;0.0;0.2;65.6;0.0;65.1;0.0;63.8;0.0;6.0;5.0;8.0;C;0.0;E;1.0;C;0.0;24999.0;9999999999.0;9999999999.0;2.0;1.0;1;1.0
M0003;2014.0;9.0;24.0;20.2;2.2;7.8;17.2;12.4;7.7;11.0;8.0;0.0;0.0;0.0;63.0;0.0;62.0;0.0;58.8;0.0;0.0;4.0;0.0;W;1.0;N;4.5;C;0.0;25382.0;9999999999.0;9999999999.0;2.0;1.0;1;1.0
M0003;2014.0;9.0;25.0;20.6;2.4;8.9;19.8;9.8;6.8;12.6;9.2;0.0;0.0;10.6;57.3;0.0;56.1;0.0;63.3;0.0;0.0;6.0;8.0;S;2.5;N;2.0;C;0.0;26373.0;9999999999.0;9999999999.0;2.0;1.0;1;1.0
M0003;2014.0;9.0;26.0;20.4;3.8;9.8;18.4;9.7;7.6;11.6;9.0;0.2;0.0;12.5;62.1;0.0;61.3;0.0;69.5;0.0;0.0;6.0;3.0;S;2.0;S;1.0;E;0.5;27013.0;9999999999.0;9999999999.0;2.0;1.0;1;1.0
M0003;2014.0;9.0;27.0;20.2;4.2;8.4;18.4;10.4;7.4;14.6;10.0;0.0;0.0;10.5;68.4;0.0;67.8;0.0;74.6;0.0;6.0;4.0;6.0;S;1.0;S;1.0;N;1.0;27687.0;9999999999.0;9999999999.0;2.0;1.0;1;1.0
M0003;2014.0;9.0;28.0;18.0;6.2;11.0;17.0;12.2;9.4;12.2;10.8;0.0;0.0;0.2;74.0;0.0;72.8;0.0;72.2;0.0;3.0;7.0;6.0;S;1.0;C;0.0;N;1.0;28503.0;9999999999.0;9999999999.0;2.0;1.0;1;1.0
M0003;2014.0;9.0;29.0;20.0;5.9;10.0;18.4;12.8;8.2;12.0;10.7;0.0;0.0;0.0;70.1;50.0;48.6;0.0;46.9;0.0;3.0;4.0;6.0;S;5.0;E;2.0;S;1.0;29128.0;9999999999.0;9999999999.0;2.0;1.0;1;1.0
M0003;2014.0;9.0;30.0;20.3;4.0;8.8;18.0;10.9;6.7;11.6;8.0;0.0;0.0;0.0;44.7;0.0;42.7;0.0;41.2;0.0;0.0;2.0;0.0;S;2.0;E;5.0;N;1.0;29961.0;9999999999.0;9999999999.0;2.0;1.0;1;1.0
M0003;2014.0;10.0;1.0;20.2;5.0;11.4;17.4;10.6;8.6;12.0;6.6;0.0;0.0;0.0;37.8;0.0;35.7;0.0;32.9;0.0;2.0;4.0;3.0;S;2.0;E;6.0;S;1.0;3131437.0;9999999999.0;9999999999.0;2.0;1.0;1;1.0
M0003;2014.0;10.0;2.0;18.3;4.5;8.6;14.8;10.0;7.4;10.0;7.8;0.0;0.0;0.0;30.7;0.0;29.8;0.0;27.3;0.0;3.0;7.0;0.0;S;2.0;E;1.0;N;1.0;3134043.0;9999999999.0;9999999999.0;2.0;1.0;1;1.0
M0003;2014.0;10.0;3.0;17.8;3.6;9.0;16.7;11.0;7.8;11.4;8.7;0.0;0.0;0.0;27.1;50.0;48.9;0.0;47.9;0.0;6.0;6.0;5.0;S;1.0;S;1.0;S;2.0;3135403.0;9999999999.0;9999999999.0;2.0;1.0;1;1.0
M0003;2014.0;10.0;4.0;20.4;3.0;8.2;19.4;10.8;7.4;12.9;10.6;0.0;0.0;6.4;46.9;0.0;46.1;0.0;50.4;0.0;0.0;7.0;6.0;S;1.0;E;1.0;W;1.0;3135814.0;9999999999.0;9999999999.0;2.0;1.0;1;1.0
M0003;2014.0;10.0;5.0;20.6;3.4;9.2;19.6;11.4;7.4;12.4;10.8;0.0;0.0;0.3;49.3;0.0;48.7;0.0;47.3;0.0;0.0;4.0;6.0;S;4.0;NE;3.0;S;1.0;3136650.0;9999999999.0;9999999999.0;2.0;1.0;1;1.0
M0003;2014.0;10.0;6.0;21.3;4.1;10.8;19.0;10.0;8.8;12.6;9.8;0.0;0.0;1.2;45.8;0.0;45.0;0.0;46.0;0.0;2.0;7.0;8.0;S;1.0;S;2.0;S;1.0;3137065.0;9999999999.0;9999999999.0;2.0;1.0;1;1.0
M0003;2014.0;10.0;7.0;17.8;3.2;7.4;15.8;10.0;7.3;12.0;9.9;10.3;0.3;11.1;54.4;0.0;54.4;0.0;65.0;0.0;6.0;5.0;8.0;W;1.0;N;1.0;C;0.0;3137539.0;9999999999.0;9999999999.0;2.0;1.0;1;1.0
M0003;2014.0;10.0;8.0;16.5;6.0;9.0;13.0;9.0;8.6;11.8;8.9;0.2;0.2;9.3;64.1;0.0;63.9;0.0;72.4;0.0;8.0;8.0;8.0;E;1.0;N;1.0;N;1.0;3137724.0;9999999999.0;9999999999.0;2.0;1.0;1;1.0
M0003;2014.0;10.0;9.0;17.4;5.4;8.2;16.4;9.6;8.2;13.2;9.2;2.5;0.0;14.6;73.7;0.0;73.4;0.0;86.7;0.0;8.0;7.0;3.0;S;1.0;N;0.5;S;1.0;3137836.0;9999999999.0;9999999999.0;2.0;1.0;1;1.0
M0003;2014.0;10.0;10.0;18.2;6.0;8.6;16.3;9.2;8.6;13.0;9.0;10.4;0.0;3.2;96.2;43.0;42.3;0.0;43.9;0.0;8.0;7.0;8.0;N;0.5;N;1.5;C;0.0;3138085.0;9999999999.0;9999999999.0;2.0;1.0;1;1.0
M0003;2014.0;10.0;11.0;17.2;4.9;8.0;15.6;10.2;7.9;11.7;9.4;11.9;0.8;8.6;55.0;0.0;55.1;0.0;63.0;0.0;8.0;6.0;8.0;S;0.5;C;0.0;C;0.0;3138382.0;9999999999.0;9999999999.0;2.0;1.0;1;1.0
M0003;2014.0;10.0;12.0;18.5;6.2;10.0;15.0;11.0;8.5;12.6;10.2;0.0;0.0;1.7;62.8;0.0;62.3;0.0;63.0;0.0;5.0;6.0;8.0;S;1.0;S;1.0;W;1.0;3138504.0;9999999999.0;9999999999.0;2.0;1.0;1;1.0
M0003;2014.0;10.0;13.0;18.3;7.4;9.6;14.2;12.4;7.4;11.0;9.8;0.0;0.1;0.0;61.5;0.0;61.0;0.0;59.0;0.0;6.0;6.0;3.0;S;1.5;S;1.0;N;1.0;3139224.0;9999999999.0;9999999999.0;2.0;1.0;1;1.0
M0003;2014.0;10.0;14.0;18.5;6.6;10.4;16.4;10.4;8.6;11.4;7.8;0.0;0.0;0.0;57.4;0.0;56.7;0.0;54.2;0.0;6.0;6.0;2.0;S;5.0;S;1.0;C;0.0;3140671.0;9999999999.0;9999999999.0;2.0;1.0;1;1.0
M0003;2014.0;10.0;15.0;20.2;4.2;10.4;18.4;11.8;8.4;12.0;9.6;0.0;0.0;0.0;52.2;0.0;51.0;0.0;49.0;0.0;2.0;4.0;3.0;S;1.0;E;5.0;S;1.0;3141909.0;9999999999.0;9999999999.0;2.0;1.0;1;1.0
M0003;2014.0;10.0;16.0;18.0;5.4;10.4;16.6;12.2;8.4;11.8;11.8;0.0;0.0;0.0;47.7;0.0;46.6;0.0;46.2;0.0;7.0;7.0;6.0;S;1.0;S;1.0;N;0.5;3143065.0;9999999999.0;9999999999.0;2.0;1.0;1;1.0
M0003;2014.0;10.0;17.0;20.2;5.0;11.0;17.0;10.5;9.0;12.2;10.2;0.8;0.0;0.8;45.6;0.0;44.5;0.0;44.5;0.0;4.0;7.0;8.0;S;1.0;S;1.0;C;0.0;3143494.0;9999999999.0;9999999999.0;2.0;1.0;1;1.0
M0003;2014.0;10.0;18.0;20.0;4.7;8.0;18.4;9.6;8.0;13.4;9.4;1.4;0.0;5.1;45.1;0.0;44.1;0.0;47.6;0.0;8.0;6.0;8.0;S;1.0;E;1.0;C;0.0;3144151.0;9999999999.0;9999999999.0;2.0;1.0;1;1.0
M0003;2014.0;10.0;19.0;17.4;6.8;9.4;16.6;10.4;9.2;12.6;9.8;2.3;0.0;2.2;48.5;0.0;47.8;0.0;49.8;0.0;8.0;7.0;8.0;N;1.0;S;1.5;N;1.0;3144702.0;9999999999.0;9999999999.0;2.0;1.0;1;1.0
M0003;2014.0;10.0;20.0;16.4;5.7;8.8;14.8;11.0;8.2;10.8;10.2;4.8;0.3;1.0;53.7;50.0;49.6;0.0;50.5;0.0;6.0;8.0;8.0;S;1.0;C;0.0;C;0.0;3144851.0;9999999999.0;9999999999.0;2.0;1.0;1;1.0
M0003;2014.0;10.0;21.0;19.5;5.2;11.0;13.4;10.5;9.4;12.2;9.8;2.5;1.1;1.7;51.3;0.0;51.3;0.0;52.4;0.0;5.0;8.0;5.0;C;0.0;S;1.5;C;0.0;3144894.0;9999999999.0;9999999999.0;2.0;1.0;1;1.0
M0003;2014.0;10.0;22.0;20.2;4.8;11.0;17.7;10.7;9.0;11.8;10.4;0.0;0.0;1.8;52.2;0.0;52.0;0.0;52.0;0.0;3.0;6.0;7.0;S;1.0;C;0.0;C;0.0;3145118.0;9999999999.0;9999999999.0;2.0;1.0;1;1.0
M0003;2014.0;10.0;23.0;17.4;4.6;9.8;15.8;11.2;8.6;11.9;10.7;0.0;0.0;0.3;51.7;0.0;50.8;0.0;50.5;0.0;8.0;7.0;5.0;S;1.0;C;0.0;C;0.0;3145602.0;9999999999.0;9999999999.0;2.0;1.0;1;1.0
M0003;2014.0;10.0;24.0;18.9;4.2;10.0;14.8;10.0;8.4;12.0;9.8;0.0;0.0;8.6;49.4;0.0;48.5;0.0;56.5;0.0;2.0;7.0;8.0;S;1.0;W;0.5;C;0.0;3145868.0;9999999999.0;9999999999.0;2.0;1.0;1;1.0
M0003;2014.0;10.0;25.0;18.0;6.3;8.9;14.0;10.0;8.8;11.0;9.7;0.0;0.0;3.5;55.7;0.0;55.1;0.0;57.7;0.0;8.0;8.0;8.0;C;0.0;S;0.5;C;0.0;3146222.0;9999999999.0;9999999999.0;2.0;1.0;1;1.0
M0003;2014.0;10.0;26.0;16.8;4.8;8.0;14.4;9.5;7.8;11.6;9.2;0.0;0.0;0.0;57.0;0.0;56.5;0.0;55.6;0.0;8.0;8.0;4.0;C;0.0;C;0.0;C;0.0;3146478.0;9999999999.0;9999999999.0;2.0;1.0;1;1.0
M0003;2014.0;10.0;27.0;19.4;5.4;10.4;18.2;10.4;9.6;14.0;10.0;0.0;0.0;0.0;54.8;0.0;54.0;0.0;53.8;0.0;2.0;5.0;4.0;C;0.0;N;1.0;C;0.0;3146728.0;9999999999.0;9999999999.0;2.0;1.0;1;1.0
M0003;2014.0;10.0;28.0;17.5;6.6;8.0;16.0;11.0;7.6;12.6;10.6;0.3;0.0;0.0;52.9;0.0;51.3;0.0;51.0;0.0;8.0;8.0;6.0;S;0.5;C;0.0;C;0.0;3147202.0;9999999999.0;9999999999.0;2.0;1.0;1;1.0
M0003;2014.0;10.0;29.0;19.6;3.5;9.6;17.4;10.7;9.4;13.0;10.4;0.0;0.0;0.5;49.8;0.0;49.5;0.0;49.3;0.0;8.0;7.0;8.0;C;0.0;C;0.0;C;0.0;3147500.0;9999999999.0;9999999999.0;2.0;1.0;1;1.0
M0003;2014.0;10.0;30.0;21.0;4.5;9.4;18.2;10.8;8.2;13.2;10.0;0.0;0.0;0.0;48.5;0.0;48.0;0.0;46.8;0.0;0.0;4.0;6.0;C;0.0;C;0.0;NE;1.0;3147834.0;9999999999.0;9999999999.0;2.0;1.0;1;1.0
M0003;2014.0;10.0;31.0;20.4;5.8;10.3;17.8;11.4;8.6;13.0;10.8;0.0;0.0;0.0;44.8;0.0;43.8;0.0;42.5;0.0;0.0;6.0;8.0;S;1.0;NW;1.0;C;0.0;3148452.0;9999999999.0;9999999999.0;2.0;1.0;1;1.0
M0003;2014.0;11.0;1.0;20.4;5.7;9.2;18.4;11.4;8.4;13.4;10.4;0.0;0.0;7.6;41.9;0.0;40.6;0.0;45.6;0.0;0.0;5.0;8.0;C;0.0;C;0.0;C;0.0;3149033.0;9999999999.0;9999999999.0;2.0;1.0;1;1.0
M0003;2014.0;11.0;2.0;20.4;7.5;9.8;18.4;11.8;9.2;14.0;11.0;0.0;0.0;1.7;43.5;0.0;42.7;0.0;42.0;0.0;7.0;6.0;8.0;C;0.0;C;0.0;C;0.0;3149435.0;9999999999.0;9999999999.0;2.0;1.0;1;1.0
M0003;2014.0;11.0;3.0;20.4;5.1;11.0;17.8;11.2;10.0;12.5;11.0;0.0;0.0;3.1;41.6;60.0;58.7;0.0;60.6;0.0;0.0;5.0;7.0;C;0.0;E;1.0;S;1.0;3149887.0;9999999999.0;9999999999.0;2.0;1.0;1;1.0
M0003;2014.0;11.0;4.0;20.2;6.8;10.2;16.9;10.9;9.2;13.6;10.6;16.3;0.0;2.7;75.0;55.0;54.1;0.0;54.6;0.0;4.0;7.0;7.0;S;1.0;C;0.0;C;0.0;3150133.0;9999999999.0;9999999999.0;2.0;1.0;1;1.0
M0003;2014.0;11.0;5.0;20.0;5.0;9.0;15.6;11.3;8.4;13.0;10.9;0.0;0.0;0.6;53.8;0.0;52.7;0.0;52.0;0.0;0.0;8.0;8.0;C;0.0;W;1.0;N;0.5;3150517.0;9999999999.0;9999999999.0;2.0;1.0;1;1.0
M0003;2014.0;11.0;6.0;20.6;7.6;10.0;19.2;12.6;9.7;13.6;12.2;0.0;0.0;0.0;51.5;0.0;50.8;0.0;50.0;0.0;8.0;7.0;7.0;C;0.0;C;0.0;C;0.0;3150948.0;9999999999.0;9999999999.0;2.0;1.0;1;1.0
M0003;2014.0;11.0;7.0;22.7;6.7;9.6;19.8;12.8;8.4;12.2;12.2;0.0;0.0;0.0;48.9;0.0;48.4;0.0;47.4;0.0;6.0;3.0;6.0;C;0.0;C;0.0;C;0.0;3151322.0;9999999999.0;9999999999.0;2.0;1.0;1;1.0
M0003;2014.0;11.0;8.0;21.4;8.5;12.2;20.8;10.4;10.2;19.7;9.4;0.0;0.0;10.0;45.8;0.0;44.1;0.0;50.2;0.0;0.0;6.0;2.0;C;0.0;C;0.0;C;0.0;3151688.0;9999999999.0;9999999999.0;2.0;1.0;1;1.0
M0003;2014.0;11.0;9.0;20.2;5.2;9.2;17.6;10.6;8.1;14.8;9.8;0.0;0.0;0.6;48.3;0.0;47.2;50.0;49.8;0.0;0.0;5.0;8.0;C;0.0;NE;1.0;S;1.0;3152124.0;9999999999.0;9999999999.0;2.0;1.0;1;1.0
M0003;2014.0;11.0;10.0;19.0;8.0;9.9;18.2;10.0;9.8;14.4;9.8;1.3;0.0;1.3;50.7;0.0;50.6;0.0;50.6;0.0;8.0;6.0;5.0;C;0.0;N;2.0;N;1.0;3152387.0;9999999999.0;9999999999.0;2.0;1.0;1;1.0
M0003;2014.0;11.0;11.0;17.2;8.8;9.7;14.6;9.0;9.4;12.6;8.9;0.0;0.0;19.6;50.4;0.0;49.7;0.0;67.1;0.0;8.0;7.0;8.0;C;0.0;W;1.0;C;0.0;3152599.0;9999999999.0;9999999999.0;2.0;1.0;1;1.0
M0003;2014.0;11.0;12.0;16.2;9.6;9.6;14.2;9.8;9.4;12.6;9.4;1.2;0.0;0.6;68.2;0.0;68.1;0.0;68.5;0.0;7.0;7.0;6.0;C;0.0;N;1.0;E;1.0;3152754.0;9999999999.0;9999999999.0;2.0;1.0;1;1.0
M0003;2014.0;11.0;13.0;16.4;6.8;9.1;14.8;7.6;8.2;11.5;7.3;0.0;0.0;0.1;67.9;0.0;67.6;0.0;65.5;0.0;4.0;5.0;3.0;W;1.0;S;1.0;C;0.0;3153076.0;9999999999.0;9999999999.0;2.0;1.0;1;1.0
M0003;2014.0;11.0;14.0;17.4;3.4;5.6;15.0;8.0;4.8;11.0;6.4;0.0;0.0;0.0;64.6;0.0;63.6;0.0;61.9;0.0;6.0;7.0;3.0;S;1.0;W;3.0;SW;1.0;3153500.0;9999999999.0;9999999999.0;2.0;1.0;1;1.0
M0003;2014.0;11.0;15.0;18.0;3.0;6.0;16.6;10.2;5.2;11.8;9.8;0.0;0.0;0.0;60.8;0.0;59.0;0.0;58.8;0.0;8.0;6.0;6.0;S;1.0;E;1.5;N;1.0;3154107.0;9999999999.0;9999999999.0;2.0;1.0;1;1.0
M0003;2014.0;11.0;16.0;17.6;5.4;8.0;15.4;11.2;7.6;12.3;10.5;0.0;0.0;0.0;58.3;0.0;57.9;0.0;57.5;0.0;7.0;6.0;5.0;SW;1.0;SE;2.0;S;1.0;3154509.0;9999999999.0;9999999999.0;2.0;1.0;1;1.0
M0003;2014.0;11.0;17.0;20.4;5.2;9.6;18.5;10.5;8.8;12.8;10.4;0.0;0.0;13.5;56.6;0.0;55.8;0.0;69.2;0.0;1.0;7.0;8.0;S;1.0;SE;1.0;C;0.0;3154819.0;9999999999.0;9999999999.0;2.0;1.0;1;1.0
M0003;2014.0;11.0;18.0;18.8;6.8;9.2;17.9;11.5;9.0;14.8;10.2;16.3;0.0;0.1;82.9;45.0;43.6;0.0;42.6;0.0;0.0;6.0;6.0;C;0.0;E;1.0;S;1.5;3155066.0;9999999999.0;9999999999.0;2.0;1.0;1;1.0
M0003;2014.0;11.0;19.0;17.4;7.8;9.1;12.6;10.6;9.0;12.2;10.5;3.0;0.9;0.0;43.8;0.0;43.6;45.0;43.7;0.0;6.0;7.0;8.0;S;1.5;C;0.0;C;0.0;3155545.0;9999999999.0;9999999999.0;2.0;1.0;1;1.0
M0003;2014.0;11.0;20.0;17.0;6.8;8.0;15.4;10.8;8.0;13.2;10.7;3.7;0.0;0.0;46.8;0.0;45.3;0.0;44.7;0.0;3.0;6.0;5.0;W;1.0;W;1.0;C;0.0;3155699.0;9999999999.0;9999999999.0;2.0;1.0;1;1.0
M0003;2014.0;11.0;21.0;16.8;8.6;9.8;14.4;10.8;9.6;12.2;10.8;0.0;0.0;0.0;43.6;0.0;43.2;0.0;42.6;0.0;6.0;8.0;5.0;E;0.5;C;0.0;NW;1.0;3156143.0;9999999999.0;9999999999.0;2.0;1.0;1;1.0
M0003;2014.0;11.0;22.0;16.4;8.5;9.6;15.2;10.3;9.5;13.6;10.1;0.0;0.0;0.0;42.1;0.0;41.7;0.0;41.2;0.0;8.0;8.0;5.0;NE;1.0;NE;1.0;E;0.5;3156484.0;9999999999.0;9999999999.0;2.0;1.0;1;1.0
M0003;2014.0;11.0;23.0;17.8;5.8;10.0;16.9;11.6;9.2;14.6;10.8;0.0;0.0;0.0;40.9;0.0;39.3;0.0;38.5;0.0;1.0;7.0;5.0;C;0.0;NE;1.0;C;0.0;3156961.0;9999999999.0;9999999999.0;2.0;1.0;1;1.0
M0003;2014.0;11.0;24.0;18.8;5.6;10.0;16.6;12.4;8.8;12.2;11.9;0.0;0.0;0.0;37.4;0.0;36.7;0.0;35.8;0.0;6.0;7.0;3.0;S;1.0;NE;1.0;C;0.0;3157327.0;9999999999.0;9999999999.0;2.0;1.0;1;1.0
M0003;2014.0;11.0;25.0;18.2;7.2;9.3;14.0;10.8;9.2;12.0;10.7;0.0;1.2;0.0;35.2;0.0;36.1;0.0;35.3;0.0;8.0;8.0;2.0;C;0.0;SE;1.0;E;1.0;3157788.0;9999999999.0;9999999999.0;2.0;1.0;1;1.0
M0003;2014.0;11.0;26.0;17.4;9.0;9.6;15.6;9.6;9.6;13.2;9.5;0.0;0.0;3.2;34.6;0.0;34.0;0.0;36.1;0.0;8.0;7.0;8.0;C;0.0;N;1.0;C;0.0;3158024.0;9999999999.0;9999999999.0;2.0;1.0;1;1.0
M0003;2014.0;11.0;27.0;19.3;6.2;7.8;15.5;10.7;7.8;12.2;10.6;3.6;0.0;0.6;39.5;0.0;38.8;0.0;37.8;0.0;2.0;6.0;8.0;C;0.0;E;1.0;N;1.0;3158246.0;9999999999.0;9999999999.0;2.0;1.0;1;1.0
M0003;2014.0;11.0;28.0;20.9;7.2;12.5;19.6;13.2;9.3;13.6;12.6;0.0;0.0;0.0;36.6;0.0;35.6;0.0;34.5;0.0;4.0;5.0;5.0;S;1.0;E;0.5;N;1.0;3158667.0;9999999999.0;9999999999.0;2.0;1.0;1;1.0
M0003;2014.0;11.0;29.0;20.6;7.6;11.6;18.2;13.4;9.5;14.2;13.0;0.0;0.0;0.0;32.0;0.0;31.0;0.0;30.5;0.0;6.0;5.0;6.0;S;1.5;NE;2.0;N;0.5;3159016.0;9999999999.0;9999999999.0;2.0;1.0;1;1.0
M0003;2014.0;11.0;30.0;21.4;7.2;9.8;18.9;12.2;9.3;13.0;11.9;0.0;0.0;0.0;29.6;0.0;27.6;0.0;25.8;0.0;1.0;6.0;4.0;C;0.0;NE;2.0;C;0.0;3159665.0;9999999999.0;9999999999.0;2.0;1.0;1;1.0
M0003;2014.0;12.0;1.0;17.8;7.0;11.2;16.1;11.2;9.8;12.9;11.0;0.0;0.0;1.2;24.5;0.0;24.0;0.0;24.8;0.0;4.0;8.0;5.0;C;0.0;N;1.0;C;0.0;3160209.0;9999999999.0;9999999999.0;2.0;1.0;1;1.0
M0003;2014.0;12.0;2.0;20.4;6.5;11.0;18.0;13.2;9.6;11.0;10.6;0.0;0.0;0.0;23.5;0.0;22.8;45.0;44.5;0.0;2.0;6.0;0.0;C;0.0;N;2.0;C;0.0;3160448.0;9999999999.0;9999999999.0;2.0;1.0;1;1.0
M0003;2014.0;12.0;3.0;21.4;7.0;10.2;18.6;11.4;8.8;12.0;11.2;0.0;0.0;0.0;44.2;0.0;43.0;0.0;41.0;0.0;0.0;6.0;4.0;S;1.5;W;3.0;S;1.5;3161105.0;9999999999.0;9999999999.0;2.0;1.0;1;1.0
M0003;2014.0;12.0;4.0;20.3;4.8;7.0;18.0;10.1;6.8;12.4;10.0;0.0;0.0;3.6;39.5;0.0;38.8;0.0;41.6;0.0;5.0;7.0;7.0;S;1.0;E;1.0;W;1.0;3161834.0;9999999999.0;9999999999.0;2.0;1.0;1;1.0
M0003;2014.0;12.0;5.0;15.6;5.8;9.4;13.4;10.8;9.2;12.0;10.7;2.4;0.1;0.7;43.7;0.0;43.4;0.0;43.6;0.0;7.0;8.0;7.0;S;1.0;NE;1.0;N;1.0;3162232.0;9999999999.0;9999999999.0;2.0;1.0;1;1.0
M0003;2014.0;12.0;6.0;21.2;7.0;8.8;18.8;10.1;8.4;12.9;10.0;0.1;0.0;7.5;43.1;0.0;42.2;0.0;48.5;0.0;7.0;5.0;8.0;C;0.0;E;1.0;C;0.0;3162524.0;9999999999.0;9999999999.0;2.0;1.0;1;1.0
M0003;2014.0;12.0;7.0;20.0;8.6;9.2;15.6;10.8;9.0;13.0;10.6;0.7;0.0;1.6;48.0;50.0;48.7;0.0;48.6;0.0;8.0;8.0;8.0;S;2.0;W;1.0;C;0.0;3162824.0;9999999999.0;9999999999.0;2.0;1.0;1;1.0
M0003;2014.0;12.0;8.0;20.2;5.0;9.6;19.3;11.0;8.6;14.0;10.8;0.2;0.0;0.0;47.6;0.0;47.0;0.0;45.2;0.0;0.0;5.0;6.0;C;0.0;S;1.5;C;0.0;3163098.0;9999999999.0;9999999999.0;2.0;1.0;1;1.0
M0003;2014.0;12.0;9.0;18.4;8.0;9.0;15.8;11.0;8.8;13.0;10.2;0.0;0.0;0.0;44.3;0.0;43.7;0.0;42.3;0.0;4.0;7.0;5.0;C;0.0;E;1.0;C;0.0;3163492.0;9999999999.0;9999999999.0;2.0;1.0;1;1.0
M0003;2014.0;12.0;10.0;18.2;7.4;8.4;16.0;10.6;8.2;12.0;10.3;8.2;0.0;0.0;49.2;0.0;48.7;0.0;46.8;0.0;7.0;7.0;7.0;C;0.0;W;2.0;C;0.0;3164004.0;9999999999.0;9999999999.0;2.0;1.0;1;1.0
M0003;2014.0;12.0;11.0;19.7;6.6;8.4;18.1;11.2;8.2;14.6;11.0;0.1;0.0;7.3;46.4;0.0;46.0;0.0;52.0;0.0;8.0;7.0;8.0;C;0.0;E;2.0;E;2.0;3164453.0;9999999999.0;9999999999.0;2.0;1.0;1;1.0
M0003;2014.0;12.0;12.0;17.4;7.6;10.8;12.4;9.8;10.2;10.0;9.6;0.0;1.0;0.3;51.2;0.0;52.0;0.0;51.9;0.0;3.0;8.0;4.0;C;0.0;E;2.0;S;1.0;3164727.0;9999999999.0;9999999999.0;2.0;1.0;1;1.0
M0003;2014.0;12.0;13.0;19.0;5.0;6.6;15.4;10.8;6.4;11.8;10.6;0.0;0.0;0.0;51.6;0.0;50.2;0.0;49.8;0.0;1.0;6.0;7.0;C;0.0;N;1.0;N;2.0;3164942.0;9999999999.0;9999999999.0;2.0;1.0;1;1.0
M0003;2014.0;12.0;14.0;19.8;3.2;6.0;16.1;11.2;5.4;11.6;10.0;0.0;0.0;0.0;47.3;0.0;46.0;0.0;44.8;0.0;0.0;3.0;2.0;C;0.0;NE;1.0;E;1.0;3165509.0;9999999999.0;9999999999.0;2.0;1.0;1;1.0
M0003;2014.0;12.0;15.0;20.6;2.0;6.0;19.4;11.6;5.3;12.8;9.8;0.0;0.0;0.0;42.5;0.0;40.9;0.0;39.0;0.0;2.0;3.0;3.0;C;0.0;NE;2.0;C;0.0;3165972.0;9999999999.0;9999999999.0;2.0;1.0;1;1.0
M0003;2014.0;12.0;16.0;21.0;3.0;7.6;18.8;11.6;7.0;11.0;11.4;0.0;0.0;0.0;37.1;0.0;36.2;60.0;59.1;0.0;8.0;7.0;4.0;S;1.0;NE;2.0;C;0.0;3166495.0;9999999999.0;9999999999.0;2.0;1.0;1;1.0
M0003;2014.0;12.0;17.0;17.4;6.1;9.8;15.0;11.2;9.0;12.4;9.8;0.0;0.0;0.0;58.4;0.0;57.6;0.0;57.0;0.0;6.0;8.0;3.0;C;0.0;NE;2.0;C;0.0;3167061.0;9999999999.0;9999999999.0;2.0;1.0;1;1.0
M0003;2014.0;12.0;18.0;19.8;8.0;8.6;14.2;10.2;8.6;13.4;10.0;0.0;0.0;0.1;55.7;0.0;55.1;0.0;54.1;0.0;8.0;6.0;5.0;C;0.0;S;2.0;C;0.0;3167491.0;9999999999.0;9999999999.0;2.0;1.0;1;1.0
M0003;2014.0;12.0;19.0;20.8;5.2;9.6;15.6;9.8;8.8;12.8;9.7;0.0;0.0;1.1;53.5;0.0;52.7;0.0;52.8;0.0;2.0;6.0;7.0;S;0.5;N;1.0;C;0.0;3168033.0;9999999999.0;9999999999.0;2.0;1.0;1;1.0
M0003;2014.0;12.0;20.0;18.4;8.2;9.2;12.8;10.2;9.0;12.4;10.0;0.4;2.6;15.3;52.6;0.0;54.8;0.0;69.0;0.0;8.0;7.0;7.0;C;0.0;C;0.0;C;0.0;3168406.0;9999999999.0;9999999999.0;2.0;1.0;1;1.0
M0003;2014.0;12.0;21.0;18.0;5.4;9.0;16.5;9.5;8.3;12.5;9.4;4.6;0.0;17.5;70.3;0.0;69.9;0.0;87.0;60.0;2.0;7.0;7.0;C;0.0;C;0.0;C;0.0;3168669.0;9999999999.0;9999999999.0;2.0;1.0;1;1.0
M0003;2014.0;12.0;22.0;18.2;5.2;8.6;16.8;13.0;7.6;13.0;10.4;0.3;0.0;0.0;58.2;0.0;57.6;60.0;58.6;0.0;1.0;6.0;6.0;S;1.0;N;1.0;S;1.0;3168953.0;9999999999.0;9999999999.0;2.0;1.0;1;1.0
M0003;2014.0;12.0;23.0;19.8;5.4;8.8;16.4;11.5;7.0;10.4;8.2;0.0;0.0;0.0;56.2;0.0;54.4;0.0;52.1;0.0;5.0;4.0;3.0;S;2.0;N;3.0;N;1.0;3169586.0;9999999999.0;9999999999.0;2.0;1.0;1;1.0
M0003;2014.0;12.0;24.0;20.6;7.8;10.4;19.5;14.3;8.4;12.8;11.4;0.0;0.0;0.0;50.7;0.0;49.2;0.0;47.3;0.0;2.0;3.0;5.0;C;0.0;E;4.0;N;1.0;3170923.0;9999999999.0;9999999999.0;2.0;1.0;1;1.0
M0003;2014.0;12.0;25.0;19.3;7.4;9.6;16.4;12.5;9.0;13.8;11.7;0.0;0.0;0.0;46.0;0.0;45.6;0.0;44.3;0.0;3.0;6.0;6.0;C;0.0;E;1.0;SE;1.0;3171982.0;9999999999.0;9999999999.0;2.0;1.0;1;1.0
M0003;2014.0;12.0;26.0;21.0;7.4;11.0;17.8;12.6;10.4;12.0;11.0;0.0;0.0;0.0;43.4;0.0;41.8;0.0;40.4;0.0;2.0;4.0;2.0;C;0.0;NE;2.0;N;1.0;3172311.0;9999999999.0;9999999999.0;2.0;1.0;1;1.0
M0003;2014.0;12.0;27.0;16.2;6.2;7.6;14.0;12.6;7.6;10.8;11.6;0.0;0.0;0.0;38.0;0.0;37.9;0.0;37.7;0.0;7.0;8.0;4.0;C;0.0;N;10.0;C;0.0;3173328.0;9999999999.0;9999999999.0;2.0;1.0;1;1.0
M0003;2014.0;12.0;28.0;19.4;7.6;9.4;16.9;13.2;9.2;11.7;11.2;0.2;0.0;0.0;37.4;0.0;36.8;0.0;35.4;0.0;2.0;8.0;4.0;C;0.0;NE;2.0;C;0.0;3173534.0;9999999999.0;9999999999.0;2.0;1.0;1;1.0
M0003;2014.0;12.0;29.0;17.6;8.8;10.0;15.4;11.4;8.0;11.2;10.4;0.0;0.0;0.0;33.9;0.0;33.3;0.0;32.1;0.0;7.0;8.0;4.0;S;0.5;NE;1.0;C;0.0;3174098.0;9999999999.0;9999999999.0;2.0;1.0;1;1.0
M0003;2014.0;12.0;30.0;20.2;8.2;9.9;17.8;11.6;8.8;12.8;11.0;0.1;0.0;1.5;31.8;0.0;30.7;0.0;30.9;0.0;6.0;6.0;8.0;C;0.0;SE;0.5;C;0.0;3174490.0;9999999999.0;9999999999.0;2.0;1.0;1;1.0
M0003;2014.0;12.0;31.0;19.4;6.2;9.2;17.6;11.6;9.0;12.9;11.0;0.2;0.0;0.9;30.4;0.0;30.0;0.0;30.0;0.0;5.0;6.0;6.0;C;0.0;E;2.0;C;0.0;3174855.0;9999999999.0;9999999999.0;2.0;1.0;1;1.0
